TIME,CH1
-0.00135197,0.16
-0.00134378,0.08
-0.00134285,0.24
-0.00134224,0.08
-0.00134221,0.16
-0.00133958,0.08
-0.00133194,0.16
-0.0013319,0.08
-0.00133178,0.24
-0.00132742,0.08
-0.00132662,0.24
-0.00132272,0.08
-0.00132042,0.24
-0.00131123,0.08
-0.00131075,0.24
-0.00130282,0.08
-0.00129987,0.24
-0.00129325,0.08
-0.00129181,0.24
-0.00128333,0.08
-0.00128109,0.24
-0.00128102,0.08
-0.00128061,0.24
-0.00127898,0.08
-0.00127462,0.24
-0.00127091,0.08
-0.00126938,0.24
-0.00126765,0.08
-0.00126416,0.24
-0.00125635,0.08
-0.00125309,0.24
-0.00125194,0.08
-0.00125075,0.24
-0.00124554,0.08
-0.00124442,0.24
-0.00123446,0.08
-0.00123078,0.24
-0.00122592,0.08
-0.00122554,0.24
-0.00122272,0.08
-0.00121661,0.24
-0.00121613,0.08
-0.00121587,0.24
-0.00121523,0.08
-0.00121366,0.24
-0.001208,0.08
-0.00120797,0.24
-0.00120739,0.08
-0.00120698,0.24
-0.00120058,0.08
-0.00119622,0.24
-0.00119581,0.08
-0.00119293,0.24
-0.00118525,0.08
-0.00118422,0.24
-0.0011816,0.08
-0.00118147,0.24
-0.00117603,0.08
-0.00117587,0.24
-0.00117549,0.08
-0.00117472,0.24
-0.00117021,0.08
-0.00116966,0.24
-0.00116429,0.08
-0.00116294,0.24
-0.00116227,0.08
-0.00115936,0.24
-0.00115312,0.08
-0.0011503,0.24
-0.00114771,0.08
-0.00114768,0.16
-0.0011369,0.16
-0.00113686,0.08
-0.00113478,0.16
-0.00113475,0.08
-0.00113328,0.24
-0.00113101,0.08
-0.00112848,0.24
-0.00112496,0.08
-0.00112304,0.24
-0.00111696,0.08
-0.00111466,0.24
-0.00111376,0.08
-0.00111072,0.24
-0.00110848,0.08
-0.00110746,0.24
-0.00110067,0.08
-0.00109965,0.24
-0.00109834,0.08
-0.00109011,0.24
-0.00108816,0.08
-0.00108781,0.24
-0.00108182,0.08
-0.0010793,0.24
-0.00107894,0.08
-0.00107885,0.24
-0.0010737,0.08
-0.00107334,0.24
-0.00107043,0.08
-0.0010704,0.16
-0.00107021,0.08
-0.00107018,0.16
-0.0010673,0.08
-0.00106726,0.16
-0.00106698,0.08
-0.00106694,0.16
-0.00106595,0.08
-0.00106592,0.16
-0.00106307,0.08
-0.00106304,0.16
-0.00106016,0.08
-0.00105171,0.16
-0.00105168,0.08
-0.00105078,0.24
-0.00105018,0.08
-0.00104301,0.24
-0.00104202,0.08
-0.00103818,0.24
-0.00103741,0.08
-0.00103389,0.24
-0.00103197,0.08
-0.0010303,0.24
-0.00102938,0.08
-0.00102794,0.24
-0.00102387,0.08
-0.00102346,0.24
-0.00101651,0.08
-0.00101408,0.24
-0.00101331,0.08
-0.00100989,0.24
-0.00100733,0.08
-0.0010048,0.24
-0.0010016,0.08
-0.00100141,0.24
-0.00100138,0.08
-0.000997888,0.24
-0.000994816,0.08
-0.000989952,0.24
-0.000988384,0.08
-0.000985664,0.24
-0.000985632,0.08
-0.000984416,0.24
-0.00098208,0.08
-0.000977344,0.24
-0.000974144,0.08
-0.000972832,0.24
-0.000962368,0.08
-0.000961056,0.24
-0.000960224,0.08
-0.000959776,0.24
-0.000958912,0.08
-0.000952192,0.24
-0.000950816,0.08
-0.000948736,0.24
-0.0009472,0.08
-0.000943328,0.24
-0.000935552,0.08
-0.000934944,0.24
-0.000928352,0.08
-0.000927776,0.24
-0.000926528,0.08
-0.000921184,0.24
-0.00091264,0.08
-0.000911552,0.24
-0.00091152,0.08
-0.000902624,0.24
-0.000892928,0.08
-0.00089216,0.24
-0.000885056,0.08
-0.000884864,0.24
-0.000882944,0.08
-0.000882784,0.24
-0.000882272,0.08
-0.00088048,0.24
-0.000877344,0.08
-0.00087456,0.24
-0.000871136,0.08
-0.000870112,0.24
-0.00086896,0.08
-0.000867168,0.24
-0.000865792,0.08
-0.0008656,0.24
-0.000862144,0.08
-0.000856384,0.24
-0.000855776,0.08
-0.000855744,0.16
-0.000854016,0.08
-0.000853984,0.16
-0.000852416,0.08
-0.000852384,0.16
-0.00085104,0.08
-0.000851008,0.16
-0.000850976,0.08
-0.000850912,0.16
-0.000848864,0.08
-0.000840256,0.16
-0.000840224,0.08
-0.000837344,0.24
-0.000835328,0.08
-0.000833536,0.24
-0.00083104,0.08
-0.000820096,0.24
-0.000818912,0.08
-0.000814848,0.24
-0.000808512,0.08
-0.000804448,0.24
-0.000801952,0.08
-0.000793504,0.24
-0.000787936,0.08
-0.000783776,0.24
-0.000782144,0.08
-0.000781504,0.24
-0.000776256,0.08
-0.000775904,0.24
-0.000775424,0.08
-0.000775072,0.24
-0.00077232,0.08
-0.000770912,0.24
-0.00077072,0.08
-0.000769344,0.24
-0.000769312,0.16
-0.000768896,0.24
-0.000759232,0.16
-0.0007592,0.24
-0.000758944,0.08
-0.000753856,0.24
-0.000750752,0.08
-0.000748288,0.24
-0.00074784,0.08
-0.000745152,0.24
-0.00074272,0.08
-0.000740896,0.24
-0.00073984,0.08
-0.000737312,0.24
-0.000731904,0.08
-0.0007312,0.24
-0.000728864,0.08
-0.000728128,0.24
-0.00071808,0.08
-0.000717728,0.24
-0.000717408,0.08
-0.000710464,0.24
-0.000706336,0.08
-0.000701248,0.24
-0.000698944,0.08
-0.000697792,0.24
-0.000693856,0.08
-0.000689056,0.24
-0.00068688,0.08
-0.000684896,0.24
-0.000676256,0.08
-0.000669152,0.24
-0.000667936,0.08
-0.000665728,0.24
-0.000663616,0.08
-0.000656352,0.24
-0.000655584,0.08
-0.000651648,0.24
-0.000650848,0.08
-0.000648288,0.24
-0.0006448,0.08
-0.000643648,0.24
-0.00064144,0.08
-0.000631552,0.24
-0.000630144,0.08
-0.000628096,0.24
-0.00062528,0.08
-0.000625152,0.24
-0.00062416,0.08
-0.000622176,0.24
-0.000616384,0.08
-0.000611392,0.24
-0.000608672,0.08
-0.000601792,0.24
-0.00059888,0.08
-0.000593344,0.24
-0.000592608,0.08
-0.000591168,0.24
-0.000584608,0.08
-0.00058416,0.24
-0.000581024,0.08
-0.000580032,0.24
-0.00057824,0.08
-0.000576256,0.24
-0.000568256,0.08
-0.000564704,0.24
-0.000562016,0.08
-0.00056096,0.24
-0.000552256,0.08
-0.000547264,0.24
-0.000543968,0.08
-0.000542592,0.24
-0.00053536,0.08
-0.000534528,0.24
-0.000531712,0.08
-0.00053168,0.24
-0.000530112,0.08
-0.000528672,0.24
-0.000521312,0.08
-0.000519872,0.24
-0.000518272,0.08
-0.0005176,0.24
-0.000516256,0.08
-0.000516032,0.24
-0.000514784,0.08
-0.000512448,0.24
-0.000510432,0.08
-0.000509856,0.24
-0.000507744,0.08
-0.000501952,0.24
-0.00050016,0.08
-0.000500128,0.16
-0.00049904,0.08
-0.000499008,0.16
-0.000497216,0.08
-0.000497184,0.16
-0.00049344,0.08
-0.000493408,0.16
-0.000491552,0.08
-0.00049152,0.16
-0.000489504,0.08
-0.000489472,0.16
-0.000485408,0.08
-0.000479392,0.16
-0.00047936,0.08
-0.000477792,0.24
-0.000473376,0.08
-0.000473024,0.24
-0.000465248,0.08
-0.000457568,0.24
-0.000457248,0.08
-0.000456384,0.24
-0.000453696,0.08
-0.000452928,0.24
-0.000446976,0.08
-0.000443872,0.24
-0.000438336,0.08
-0.00043776,0.24
-0.000433056,0.08
-0.000431968,0.24
-0.000419776,0.08
-0.000419648,0.24
-0.000416768,0.08
-0.000415264,0.24
-0.000413984,0.08
-0.000413952,0.24
-0.00040896,0.08
-0.000407168,0.24
-0.000406272,0.08
-0.000404288,0.24
-0.00039968,0.08
-0.000398912,0.24
-0.000397216,0.08
-0.000397088,0.24
-0.0003896,0.08
-0.000382848,0.24
-0.000382592,0.08
-0.000382464,0.24
-0.000381504,0.08
-0.000381088,0.24
-0.000380928,0.08
-0.000380896,0.16
-0.000379936,0.08
-0.000379904,0.16
-0.000378688,0.08
-0.000378656,0.16
-0.000377856,0.08
-0.000368384,0.16
-0.000368352,0.08
-0.000367232,0.24
-0.000364928,0.08
-0.000361856,0.24
-0.000359104,0.08
-0.000354304,0.24
-0.000352832,0.08
-0.000351424,0.24
-0.00034752,0.08
-0.000344192,0.24
-0.000342496,0.08
-0.000335424,0.24
-0.000333728,0.08
-0.000332736,0.24
-0.000331584,0.08
-0.000330272,0.24
-0.000329824,0.08
-0.000327488,0.24
-0.000326336,0.08
-0.000325088,0.24
-0.0003248,0.08
-0.00032448,0.24
-0.000323936,0.08
-0.000320704,0.24
-0.00031872,0.08
-0.000316224,0.24
-0.000316064,0.08
-0.000315584,0.24
-0.000310016,0.08
-0.000309408,0.24
-0.000304992,0.08
-0.00030112,0.24
-0.000299392,0.08
-0.000295264,0.24
-0.000294848,0.08
-0.000286048,0.24
-0.000285408,0.08
-0.000285024,0.24
-0.000283104,0.08
-0.000283072,0.16
-0.000282048,0.08
-0.000282016,0.16
-0.000278976,0.08
-0.000278944,0.16
-0.000278496,0.08
-0.000278464,0.16
-0.00027808,0.08
-0.000278048,0.16
-0.000276992,0.08
-0.000267968,0.16
-0.000267936,0.08
-0.000264736,0.24
-0.000263552,0.08
-0.000262144,0.24
-0.000256128,0.08
-0.000255584,0.24
-0.000251392,0.08
-0.000249472,0.24
-0.000245504,0.08
-0.000244416,0.24
-0.000239168,0.08
-0.000237824,0.24
-0.000235872,0.08
-0.000226688,0.24
-0.00022608,0.08
-0.000224512,0.24
-0.000218016,0.08
-0.000216928,0.24
-0.000216576,0.08
-0.000215808,0.24
-0.000214528,0.08
-0.00021264,0.24
-0.000212224,0.08
-0.00020832,0.24
-0.000206496,0.08
-0.000202112,0.24
-0.00020064,0.08
-0.000197184,0.24
-0.000190944,0.08
-0.0001816,2.96
-0.000180384,0.08
-0.000172864,2.96
-0.000171776,0.08
-0.000155712,2.96
-0.000154784,0.08
-0.000146848,2.96
-0.000146208,0.08
-0.000129632,2.96
-0.000128736,0.08
-0.000120768,2.96
-0.000120192,0.08
-0.00010416,2.88
-9.7824e-05,0.08
-9.4688e-05,2.96
-9.4144e-05,0.08
-7.8368e-05,2.88
-7.6704e-05,0.08
-6.912e-05,2.88
-6.8064e-05,0.08
-5.2032e-05,2.88
-5.0624e-05,0.08
-4.2944e-05,2.88
-4.192e-05,0.08
-2.6464e-05,2.88
-2.4544e-05,0.08
-1.6736e-05,2.88
-1.5968e-05,0.08
3.2e-07,2.88
4.16e-06,-4.76837e-09
4.704e-06,0.16
9.632e-06,-4.76837e-09
9.92e-06,0.16
1.4784e-05,-4.76837e-09
1.4816e-05,0.16
1.4848e-05,0.08
1.5104e-05,0.16
1.5136e-05,0.08
1.5168e-05,0.16
1.52e-05,0.08
1.6e-05,0.16
1.6032e-05,0.08
1.8336e-05,0.16
1.8368e-05,0.08
1.9072e-05,0.16
1.9104e-05,0.08
1.9904e-05,0.16
1.9936e-05,0.08
2.016e-05,0.16
3.008e-05,0.08
3.0112e-05,0.16
3.1328e-05,-4.76837e-09
3.1424e-05,0.16
3.1456e-05,0.08
3.184e-05,0.16
3.1872e-05,0.08
3.3056e-05,0.16
3.3088e-05,0.08
3.328e-05,0.16
3.3312e-05,0.08
3.36e-05,0.16
3.3664e-05,0.08
3.4016e-05,0.16
3.4048e-05,0.08
3.4112e-05,0.16
3.4144e-05,0.08
3.4496e-05,0.16
3.4528e-05,0.08
3.4592e-05,0.16
3.4624e-05,0.08
3.5072e-05,0.16
3.5104e-05,0.08
3.5424e-05,0.16
3.5456e-05,0.08
3.616e-05,0.16
3.6192e-05,0.08
3.6512e-05,0.16
3.6544e-05,0.08
3.6896e-05,0.16
3.6928e-05,0.08
3.7088e-05,0.16
3.712e-05,0.08
3.7824e-05,0.16
3.7856e-05,0.08
3.7888e-05,0.16
3.792e-05,0.08
3.8048e-05,0.16
3.808e-05,0.08
3.824e-05,0.16
3.8272e-05,0.08
3.8304e-05,0.16
3.8336e-05,0.08
3.856e-05,0.16
3.8592e-05,0.08
3.8816e-05,0.16
3.8848e-05,0.08
3.9232e-05,0.16
3.9264e-05,0.08
3.9584e-05,0.16
3.9616e-05,0.08
3.9808e-05,0.16
3.984e-05,0.08
3.9968e-05,0.16
4e-05,0.08
4.0096e-05,0.16
4.0128e-05,0.08
4.016e-05,0.16
4.0192e-05,0.08
4.0352e-05,0.16
4.0384e-05,0.08
4.0512e-05,0.16
4.0576e-05,0.08
4.0992e-05,0.16
4.1024e-05,0.08
4.1152e-05,0.16
4.1216e-05,0.08
4.128e-05,0.16
4.1312e-05,0.08
4.1472e-05,0.16
4.1504e-05,0.08
4.1728e-05,0.16
4.176e-05,0.08
4.1824e-05,0.16
4.1856e-05,0.08
4.1888e-05,0.16
4.192e-05,0.08
4.2016e-05,0.16
4.208e-05,0.08
4.2208e-05,0.16
4.224e-05,0.08
4.2464e-05,0.16
4.2496e-05,0.08
4.256e-05,0.16
4.2592e-05,0.08
4.2656e-05,0.16
4.2688e-05,0.08
4.272e-05,0.16
4.2752e-05,0.08
4.2976e-05,0.16
4.3008e-05,0.08
4.304e-05,0.16
4.3072e-05,0.08
4.3104e-05,0.16
4.3136e-05,0.08
4.3168e-05,0.16
4.32e-05,0.08
4.3392e-05,0.16
4.3424e-05,0.08
4.3456e-05,0.16
4.3584e-05,0.08
4.368e-05,0.16
4.3776e-05,0.08
4.4256e-05,0.16
4.4288e-05,0.08
4.432e-05,0.16
4.4384e-05,0.08
4.4416e-05,0.16
4.4448e-05,0.08
4.448e-05,0.16
4.4512e-05,0.08
4.4608e-05,0.16
4.464e-05,0.08
4.4768e-05,0.16
4.48e-05,0.08
4.496e-05,0.16
4.5024e-05,0.08
4.5056e-05,0.16
4.5088e-05,0.08
4.528e-05,0.16
4.5344e-05,0.08
4.5408e-05,0.16
4.544e-05,0.08
4.5664e-05,0.16
4.5696e-05,0.08
4.5792e-05,0.16
4.5824e-05,0.08
4.5856e-05,0.16
4.5888e-05,0.08
4.592e-05,0.16
4.6048e-05,0.08
4.6368e-05,0.16
4.64e-05,0.08
4.6432e-05,0.16
4.6464e-05,0.08
4.6496e-05,0.16
4.6528e-05,0.08
4.6592e-05,0.16
4.6624e-05,0.08
4.6656e-05,0.16
4.6688e-05,0.08
4.6784e-05,0.16
4.6816e-05,0.08
4.6848e-05,0.16
4.6912e-05,0.08
4.7008e-05,0.16
4.7072e-05,0.08
4.7168e-05,0.16
4.72e-05,0.08
4.7232e-05,0.16
4.7264e-05,0.08
4.7296e-05,0.16
4.736e-05,0.08
4.7584e-05,0.16
4.7616e-05,0.08
4.7648e-05,0.16
4.7776e-05,0.08
4.7808e-05,0.16
4.784e-05,0.08
4.7936e-05,0.16
4.7968e-05,0.08
4.8032e-05,0.16
4.8096e-05,0.08
4.8128e-05,0.16
4.816e-05,0.08
4.832e-05,0.16
4.8352e-05,0.08
4.8416e-05,0.16
4.848e-05,0.08
4.8512e-05,0.16
4.8704e-05,0.08
4.8736e-05,0.16
4.8768e-05,0.08
4.8864e-05,0.16
4.9056e-05,0.08
4.9088e-05,0.16
4.9152e-05,0.08
4.928e-05,0.16
4.9312e-05,0.08
4.9344e-05,0.16
4.9376e-05,0.08
4.9408e-05,0.16
4.944e-05,0.08
4.9504e-05,0.16
4.9536e-05,0.08
4.9632e-05,0.16
4.9696e-05,0.08
4.9728e-05,0.16
4.9792e-05,0.08
4.9856e-05,0.16
4.9888e-05,0.08
4.992e-05,0.16
4.9984e-05,0.08
5.0016e-05,0.16
5.0048e-05,0.08
5.008e-05,0.16
5.0144e-05,0.08
5.0176e-05,0.16
5.024e-05,0.08
5.0304e-05,0.16
5.0368e-05,0.08
5.0432e-05,0.16
5.0464e-05,0.08
5.0496e-05,0.16
5.0592e-05,0.08
5.0656e-05,0.16
5.0688e-05,0.08
5.0784e-05,0.16
5.0816e-05,0.08
5.088e-05,0.16
5.0944e-05,0.08
5.1008e-05,0.16
5.1072e-05,0.08
5.12e-05,0.16
5.1296e-05,0.08
5.1328e-05,0.16
5.136e-05,0.08
5.1392e-05,0.16
5.1424e-05,0.08
5.1552e-05,0.16
5.1616e-05,0.08
5.1648e-05,0.16
5.168e-05,0.08
5.1712e-05,0.16
5.1744e-05,0.08
5.1776e-05,0.16
5.1808e-05,0.08
5.1904e-05,0.16
5.1936e-05,0.08
5.2032e-05,0.16
5.2064e-05,0.08
5.2096e-05,0.16
5.2128e-05,0.08
5.216e-05,0.16
5.2224e-05,0.08
5.2256e-05,0.16
5.232e-05,0.08
5.2384e-05,0.16
5.2608e-05,0.08
5.2672e-05,0.16
5.2736e-05,0.08
5.2864e-05,0.16
5.2896e-05,0.08
5.296e-05,0.16
5.2992e-05,0.08
5.3024e-05,0.16
5.3056e-05,0.08
5.3152e-05,0.16
5.3248e-05,0.08
5.3312e-05,0.16
5.3504e-05,0.08
5.36e-05,0.16
5.3632e-05,0.08
5.376e-05,0.16
5.408e-05,0.08
5.4144e-05,0.16
5.424e-05,0.08
5.4272e-05,0.16
5.4304e-05,0.08
5.4336e-05,0.16
5.4496e-05,0.08
5.456e-05,0.16
5.4816e-05,0.08
5.4848e-05,0.16
5.4912e-05,0.08
5.5104e-05,0.16
5.5136e-05,0.08
5.5168e-05,0.16
5.52e-05,0.08
5.5232e-05,0.16
5.5488e-05,0.08
5.552e-05,0.16
5.5584e-05,0.08
5.5616e-05,0.16
5.568e-05,0.08
5.5712e-05,0.16
5.5744e-05,0.08
5.5808e-05,0.16
5.5904e-05,0.08
5.5936e-05,0.16
5.6064e-05,0.08
5.6192e-05,0.16
5.6224e-05,0.08
5.6288e-05,0.16
5.632e-05,0.08
5.6352e-05,0.16
5.6416e-05,0.08
5.6448e-05,0.16
5.648e-05,0.08
5.6512e-05,0.16
5.6544e-05,0.08
5.6576e-05,0.16
5.664e-05,0.08
5.6672e-05,0.16
5.6704e-05,0.08
5.68e-05,0.16
5.6832e-05,0.08
5.696e-05,0.16
5.6992e-05,0.08
5.7024e-05,0.16
5.7088e-05,0.08
5.712e-05,0.16
5.7184e-05,0.08
5.7248e-05,0.16
5.7312e-05,0.08
5.7344e-05,0.16
5.7408e-05,0.08
5.744e-05,0.16
5.7568e-05,0.08
5.7632e-05,0.16
5.7856e-05,0.08
5.7888e-05,0.16
5.7984e-05,0.08
5.8048e-05,0.16
5.8144e-05,0.08
5.8176e-05,0.16
5.8336e-05,0.08
5.8368e-05,0.16
5.8464e-05,0.08
5.8496e-05,0.16
5.8592e-05,0.08
5.8656e-05,0.16
5.872e-05,0.08
5.8752e-05,0.16
5.8848e-05,0.08
5.8976e-05,0.16
5.9008e-05,0.08
5.904e-05,0.16
5.9104e-05,0.08
5.936e-05,0.16
5.9392e-05,0.08
5.9456e-05,0.16
5.952e-05,0.08
5.9552e-05,0.16
5.9584e-05,0.08
5.9616e-05,0.16
5.9648e-05,0.08
5.968e-05,0.16
5.9712e-05,0.08
5.9776e-05,0.16
5.9808e-05,0.08
5.984e-05,0.16
5.9872e-05,0.08
5.9968e-05,0.16
6e-05,0.08
6.0032e-05,0.16
6.0096e-05,0.08
6.0192e-05,0.16
6.0256e-05,0.08
6.0288e-05,0.16
6.0352e-05,0.08
6.0384e-05,0.16
6.048e-05,0.08
6.0512e-05,0.16
6.0544e-05,0.08
6.0608e-05,0.16
6.0672e-05,0.08
6.0768e-05,0.16
6.0832e-05,0.08
6.1088e-05,0.16
6.1184e-05,0.08
6.1216e-05,0.16
6.1344e-05,0.08
6.1376e-05,0.16
6.1408e-05,0.08
6.144e-05,0.16
6.1472e-05,0.08
6.1536e-05,0.16
6.1568e-05,0.08
6.1632e-05,0.16
6.1664e-05,0.08
6.1728e-05,0.16
6.176e-05,0.08
6.192e-05,0.16
6.1984e-05,0.08
6.2144e-05,0.16
6.2272e-05,0.08
6.2304e-05,0.16
6.2368e-05,0.08
6.24e-05,0.16
6.2432e-05,0.08
6.2496e-05,0.16
6.2528e-05,0.08
6.256e-05,0.16
6.2656e-05,0.08
6.2688e-05,0.16
6.2816e-05,0.08
6.2944e-05,0.16
6.2976e-05,0.08
6.304e-05,0.16
6.3072e-05,0.08
6.3136e-05,0.16
6.3296e-05,0.08
6.3328e-05,0.16
6.3456e-05,0.08
6.3488e-05,0.16
6.3552e-05,0.08
6.3584e-05,0.16
6.368e-05,0.08
6.3712e-05,0.16
6.384e-05,0.08
6.3904e-05,0.16
6.3936e-05,0.08
6.4e-05,0.16
6.4032e-05,0.08
6.4128e-05,0.16
6.416e-05,0.08
6.4256e-05,0.16
6.448e-05,0.08
6.4608e-05,0.16
6.4672e-05,0.08
6.48e-05,0.16
6.4864e-05,0.08
6.496e-05,0.16
6.5024e-05,0.08
6.5088e-05,0.16
6.512e-05,0.08
6.5152e-05,0.16
6.5216e-05,0.08
6.5248e-05,0.16
6.528e-05,0.08
6.5312e-05,0.16
6.5376e-05,0.08
6.5408e-05,0.16
6.5536e-05,0.08
6.5568e-05,0.16
6.56e-05,0.08
6.5664e-05,0.16
6.5728e-05,0.08
6.5856e-05,0.16
6.592e-05,0.08
6.5952e-05,0.16
6.6016e-05,0.08
6.6112e-05,0.16
6.6336e-05,0.08
6.6368e-05,0.16
6.6592e-05,0.08
6.672e-05,0.16
6.6752e-05,0.08
6.6784e-05,0.16
6.6816e-05,0.08
6.6848e-05,0.16
6.6944e-05,0.08
6.7072e-05,0.16
6.72e-05,0.08
6.7232e-05,0.16
6.7296e-05,0.08
6.736e-05,0.16
6.7424e-05,0.08
6.7456e-05,0.16
6.7488e-05,0.08
6.752e-05,0.16
6.7552e-05,0.08
6.768e-05,0.16
6.7712e-05,0.08
6.7744e-05,0.16
6.784e-05,0.08
6.7904e-05,0.16
6.7936e-05,0.08
6.7968e-05,0.16
6.8e-05,0.08
6.8032e-05,0.16
6.8064e-05,0.08
6.816e-05,0.16
6.8224e-05,0.08
6.8256e-05,0.16
6.832e-05,0.08
6.8352e-05,0.16
6.8384e-05,0.08
6.848e-05,0.16
6.8512e-05,0.08
6.8608e-05,0.16
6.8704e-05,0.08
6.9024e-05,0.16
6.912e-05,0.08
6.928e-05,0.16
6.9312e-05,0.08
6.9344e-05,0.16
6.9408e-05,0.08
6.9568e-05,0.16
6.96e-05,0.08
6.9632e-05,0.16
6.9664e-05,0.08
6.9728e-05,0.16
6.976e-05,0.08
6.9888e-05,0.16
6.9984e-05,0.08
7.0016e-05,0.16
7.0144e-05,0.08
7.0368e-05,0.16
7.0464e-05,0.08
7.0496e-05,0.16
7.056e-05,0.08
7.0592e-05,0.16
7.0624e-05,0.08
7.0656e-05,0.16
7.0688e-05,0.08
7.0752e-05,0.16
7.0944e-05,0.08
7.1008e-05,0.16
7.104e-05,0.08
7.1072e-05,0.16
7.12e-05,0.08
7.1296e-05,0.16
7.1488e-05,0.08
7.1584e-05,0.16
7.168e-05,0.08
7.1712e-05,0.16
7.1776e-05,0.08
7.1808e-05,0.16
7.1936e-05,0.08
7.1968e-05,0.16
7.2064e-05,0.08
7.2096e-05,0.16
7.2128e-05,0.08
7.2192e-05,0.16
7.2256e-05,0.08
7.2288e-05,0.16
7.232e-05,0.08
7.2416e-05,0.16
7.2448e-05,0.08
7.248e-05,0.16
7.2544e-05,0.08
7.2608e-05,0.16
7.2768e-05,0.08
7.28e-05,0.16
7.2832e-05,0.08
7.2896e-05,0.16
7.296e-05,0.08
7.2992e-05,0.16
7.3024e-05,0.08
7.3056e-05,0.16
7.312e-05,0.08
7.3184e-05,0.16
7.3312e-05,0.08
7.3344e-05,0.16
7.344e-05,0.08
7.3536e-05,0.16
7.3568e-05,0.08
7.36e-05,0.16
7.3664e-05,0.08
7.3696e-05,0.16
7.376e-05,0.08
7.3824e-05,0.16
7.392e-05,0.08
7.3952e-05,0.16
7.3984e-05,0.08
7.4048e-05,0.16
7.4112e-05,0.08
7.4176e-05,0.16
7.4208e-05,0.08
7.4272e-05,0.16
7.4304e-05,0.08
7.4336e-05,0.16
7.44e-05,0.08
7.4464e-05,0.16
7.4496e-05,0.08
7.4592e-05,0.16
7.4624e-05,0.08
7.4688e-05,0.16
7.488e-05,0.08
7.4976e-05,0.16
7.5008e-05,0.08
7.504e-05,0.16
7.5072e-05,0.08
7.52e-05,0.16
7.5232e-05,0.08
7.5264e-05,0.16
7.5328e-05,0.08
7.5424e-05,0.16
7.5488e-05,0.08
7.5552e-05,0.16
7.5616e-05,0.08
7.5648e-05,0.16
7.568e-05,0.08
7.5744e-05,0.16
7.5776e-05,0.08
7.5808e-05,0.16
7.584e-05,0.08
7.5872e-05,0.16
7.5936e-05,0.08
7.6032e-05,0.16
7.6064e-05,0.08
7.6096e-05,0.16
7.6128e-05,0.08
7.616e-05,0.16
7.6192e-05,0.08
7.6384e-05,0.16
7.6416e-05,0.08
7.6448e-05,0.16
7.6512e-05,0.08
7.6544e-05,0.16
7.6608e-05,0.08
7.6672e-05,0.16
7.6736e-05,0.08
7.6768e-05,0.16
7.6832e-05,0.08
7.6864e-05,0.16
7.6896e-05,0.08
7.7024e-05,0.16
7.7088e-05,0.08
7.712e-05,0.16
7.7184e-05,0.08
7.7216e-05,0.16
7.7248e-05,0.08
7.728e-05,0.16
7.7312e-05,0.08
7.7344e-05,0.16
7.7408e-05,0.08
7.744e-05,0.16
7.7472e-05,0.08
7.7504e-05,0.16
7.76e-05,0.08
7.7728e-05,0.16
7.7824e-05,0.08
7.792e-05,0.16
7.7952e-05,0.08
7.7984e-05,0.16
7.8016e-05,0.08
7.8048e-05,0.16
7.8144e-05,0.08
7.824e-05,0.16
7.8272e-05,0.08
7.8304e-05,0.16
7.84e-05,0.08
7.8496e-05,0.16
7.8528e-05,0.08
7.856e-05,0.16
7.8688e-05,0.08
7.872e-05,0.16
7.888e-05,0.08
7.8912e-05,0.16
7.92e-05,0.08
7.9264e-05,0.16
7.9424e-05,0.08
7.9456e-05,0.16
7.968e-05,0.08
7.9776e-05,0.16
7.9808e-05,0.08
7.9872e-05,0.16
7.9936e-05,0.08
8e-05,0.16
8.0032e-05,0.08
8.0064e-05,0.16
8.0096e-05,0.08
8.0128e-05,0.16
8.0288e-05,0.08
8.032e-05,0.16
8.0448e-05,0.08
8.048e-05,0.16
8.0512e-05,0.08
8.0576e-05,0.16
8.0608e-05,0.08
8.0672e-05,0.16
8.0736e-05,0.08
8.0768e-05,0.16
8.08e-05,0.08
8.0832e-05,0.16
8.1184e-05,0.08
8.1216e-05,0.16
8.1312e-05,0.08
8.1344e-05,0.16
8.1408e-05,0.08
8.144e-05,0.16
8.1504e-05,0.08
8.1536e-05,0.16
8.1824e-05,0.08
8.1856e-05,0.16
8.1888e-05,0.08
8.192e-05,0.16
8.1952e-05,0.08
8.1984e-05,0.16
8.2144e-05,0.08
8.2272e-05,0.16
8.2304e-05,0.08
8.24e-05,0.16
8.2432e-05,0.08
8.2592e-05,0.16
8.2976e-05,0.08
8.3072e-05,0.16
8.3104e-05,0.08
8.3136e-05,0.16
8.32e-05,0.08
8.3232e-05,0.16
8.3328e-05,0.08
8.3424e-05,0.16
8.3616e-05,0.08
8.3648e-05,0.16
8.3744e-05,0.08
8.3776e-05,0.16
8.3904e-05,0.08
8.3936e-05,0.16
8.4224e-05,0.08
8.4256e-05,0.16
8.4288e-05,0.08
8.432e-05,0.16
8.4448e-05,0.08
8.448e-05,0.16
8.4672e-05,0.08
8.4736e-05,0.16
8.4928e-05,0.08
8.512e-05,0.16
8.5216e-05,0.08
8.5248e-05,0.16
8.544e-05,0.08
8.5472e-05,0.16
8.56e-05,0.08
8.5632e-05,0.16
8.5664e-05,0.08
8.5696e-05,0.16
8.5792e-05,0.08
8.5824e-05,0.16
8.592e-05,0.08
8.5952e-05,0.16
8.5984e-05,0.08
8.6016e-05,0.16
8.6176e-05,0.08
8.624e-05,0.16
8.6336e-05,0.08
8.6368e-05,0.16
8.6624e-05,0.08
8.6688e-05,0.16
8.6784e-05,0.08
8.6816e-05,0.16
8.6976e-05,0.08
8.7104e-05,0.16
8.7264e-05,0.08
8.7328e-05,0.16
8.736e-05,0.08
8.7456e-05,0.16
8.7584e-05,0.08
8.7616e-05,0.16
8.768e-05,0.08
8.7712e-05,0.16
8.7968e-05,0.08
8.8032e-05,0.16
8.8064e-05,0.08
8.8096e-05,0.16
8.816e-05,0.08
8.8224e-05,0.16
8.8416e-05,0.08
8.8512e-05,0.16
8.8544e-05,0.08
8.8576e-05,0.16
8.8672e-05,0.08
8.8704e-05,0.16
8.896e-05,0.08
8.8992e-05,0.16
8.9056e-05,0.08
8.9088e-05,0.16
8.9152e-05,0.08
8.9184e-05,0.16
8.9248e-05,0.08
8.9344e-05,0.16
8.9408e-05,0.08
8.944e-05,0.16
8.96e-05,0.08
8.9632e-05,0.16
8.976e-05,0.08
8.9792e-05,0.16
8.9952e-05,0.08
9.0016e-05,0.16
9.0336e-05,0.08
9.0368e-05,0.16
9.0432e-05,0.08
9.0464e-05,0.16
9.0592e-05,0.08
9.0656e-05,0.16
9.0752e-05,0.08
9.0784e-05,0.16
9.0848e-05,0.08
9.088e-05,0.16
9.1136e-05,0.08
9.1168e-05,0.16
9.1584e-05,0.08
9.1616e-05,0.16
9.1648e-05,0.08
9.168e-05,0.16
9.1744e-05,0.08
9.1776e-05,0.16
9.2e-05,0.08
9.2032e-05,0.16
9.216e-05,0.08
9.2192e-05,0.16
9.28e-05,0.08
9.2832e-05,0.16
9.296e-05,0.08
9.2992e-05,0.16
9.3152e-05,0.08
9.3216e-05,0.16
9.3504e-05,0.08
9.3536e-05,0.16
9.3568e-05,0.08
9.3632e-05,0.16
9.376e-05,0.08
9.3856e-05,0.16
9.3888e-05,0.08
9.392e-05,0.16
9.4048e-05,0.08
9.408e-05,0.16
9.4144e-05,0.08
9.4208e-05,0.16
9.424e-05,0.08
9.4272e-05,0.16
9.456e-05,0.08
9.4592e-05,0.16
9.4624e-05,0.08
9.4752e-05,0.16
9.4784e-05,0.08
9.4816e-05,0.16
9.488e-05,0.08
9.4912e-05,0.16
9.5072e-05,0.08
9.5104e-05,0.16
9.5264e-05,0.08
9.5296e-05,0.16
9.552e-05,0.08
9.5552e-05,0.16
9.5584e-05,0.08
9.5616e-05,0.16
9.568e-05,0.08
9.5744e-05,0.16
9.5808e-05,0.08
9.584e-05,0.16
9.5872e-05,0.08
9.5904e-05,0.16
9.5968e-05,0.08
9.6e-05,0.16
9.616e-05,0.08
9.6192e-05,0.16
9.6416e-05,0.08
9.6448e-05,0.16
9.6544e-05,0.08
9.6576e-05,0.16
9.6608e-05,0.08
9.6704e-05,0.16
9.6928e-05,0.08
9.696e-05,0.16
9.6992e-05,0.08
9.7088e-05,0.16
9.7216e-05,0.08
9.7248e-05,0.16
9.728e-05,0.08
9.7408e-05,0.16
9.7472e-05,0.08
9.7504e-05,0.16
9.7536e-05,0.08
9.7568e-05,0.16
9.7728e-05,0.08
9.776e-05,0.16
9.7792e-05,0.08
9.7824e-05,0.16
9.7856e-05,0.08
9.7888e-05,0.16
9.8304e-05,0.08
9.8368e-05,0.16
9.8432e-05,0.08
9.8464e-05,0.16
9.8592e-05,0.08
9.8624e-05,0.16
9.8688e-05,0.08
9.872e-05,0.16
9.9104e-05,0.08
9.9136e-05,0.16
9.9264e-05,0.08
9.9296e-05,0.16
9.9424e-05,0.08
9.9456e-05,0.16
9.9552e-05,0.08
9.9584e-05,0.16
9.9744e-05,0.08
9.9776e-05,0.16
9.9936e-05,0.08
9.9968e-05,0.16
0.000100128,0.08
0.000100192,0.16
0.000100288,0.08
0.00010032,0.16
0.000100384,0.08
0.000100416,0.16
0.000100544,0.08
0.000100576,0.16
0.000100672,0.08
0.000100704,0.16
0.000100992,0.08
0.000101056,0.16
0.000102144,0.08
0.000102208,0.16
0.000102336,0.08
0.000102368,0.16
0.000102592,0.08
0.000102624,0.16
0.000102784,0.08
0.000102816,0.16
0.00010288,0.08
0.000102912,0.16
0.000103104,0.08
0.000103136,0.16
0.000103264,0.08
0.000103296,0.16
0.000103328,0.08
0.000103424,0.16
0.000103712,0.08
0.000103744,0.16
0.000103936,0.08
0.000103968,0.16
0.000104064,0.08
0.000104096,0.16
0.00010464,0.08
0.000104672,0.16
0.000104736,0.08
0.0001048,0.16
0.000104832,0.08
0.000104864,0.16
0.000104896,0.08
0.00010496,0.16
0.000105088,0.08
0.00010512,0.16
0.00010528,0.08
0.000105312,0.16
0.000105344,0.08
0.000105376,0.16
0.00010544,0.08
0.000105472,0.16
0.000105536,0.08
0.000105568,0.16
0.000105728,0.08
0.00010576,0.16
0.000105952,0.08
0.000105984,0.16
0.000106176,0.08
0.000106208,0.16
0.00010624,0.08
0.000106272,0.16
0.000106368,0.08
0.0001064,0.16
0.000106432,0.08
0.00010656,0.16
0.000106656,0.08
0.00010672,0.16
0.000106752,0.08
0.000106784,0.16
0.000106912,0.08
0.000106976,0.16
0.00010704,0.08
0.000107136,0.16
0.000107168,0.08
0.000107264,0.16
0.000107392,0.08
0.000107424,0.16
0.000107552,0.08
0.000107584,0.16
0.000107616,0.08
0.000107648,0.16
0.000107712,0.08
0.000107808,0.16
0.000107872,0.08
0.000107904,0.16
0.000108224,0.08
0.000108256,0.16
0.00010832,0.08
0.000108352,0.16
0.000108384,0.08
0.000108416,0.16
0.000108448,0.08
0.00010848,0.16
0.00010864,0.08
0.000108672,0.16
0.0001088,0.08
0.000108832,0.16
0.00010896,0.08
0.000109024,0.16
0.000109408,0.08
0.00010944,0.16
0.000109664,0.08
0.000109696,0.16
0.000109888,0.08
0.00010992,0.16
0.000110048,0.08
0.000110112,0.16
0.000110144,0.08
0.000110176,0.16
0.000110304,0.08
0.000110336,0.16
0.000110656,0.08
0.000110688,0.16
0.000110752,0.08
0.000110816,0.16
0.00011136,0.08
0.000111392,0.16
0.000111552,0.08
0.000111584,0.16
0.000111872,0.08
0.000121696,0.16
0.000121728,0.08
0.00012176,0.16
0.000121792,0.08
0.000121952,0.16
0.000121984,0.08
0.000122048,0.16
0.00012208,0.08
0.000122112,0.16
0.000122144,0.08
0.000122272,0.16
0.000122304,0.08
0.000122368,0.16
0.0001224,0.08
0.000122464,0.16
0.000122496,0.08
0.000122592,0.16
0.000122624,0.08
0.000122688,0.16
0.000122752,0.08
0.00012304,0.16
0.000123072,0.08
0.000123392,0.16
0.000123424,0.08
0.00012368,0.16
0.000123712,0.08
0.000123808,0.16
0.00012384,0.08
0.00012464,0.16
0.000124672,0.08
0.000131488,2.88
0.00013552,0.08
0.000139968,2.96
0.000140736,0.08
0.000156416,2.88
0.000159968,0.08
0.000164352,2.96
0.000164928,0.08
0.000181248,2.88
0.000182272,0.08
0.00018656,2.88
0.000189376,0.08
0.000205536,2.88
0.000208928,0.08
0.000213184,2.96
0.00021376,0.08
0.000230528,2.88
0.000233376,0.08
0.000237728,2.96
0.00023824,0.08
0.0002552,2.88
0.000257856,0.08
0.000262272,2.88
0.00026352,-4.76837e-09
0.000279904,2.88
0.000280768,0.08
0.000286208,2.88
0.000287776,-4.76837e-09
0.000304352,2.88
0.000305216,0.08
0.000310912,2.88
0.000313024,-4.76837e-09
0.000328704,2.88
0.000329536,0.08
0.000334976,2.88
0.000336416,-4.76837e-09
0.000353248,2.88
0.000354144,0.08
0.000359744,2.88
0.00036048,0.08
0.000378016,2.88
0.00037888,0.08
0.000383168,2.88
0.000385568,-4.76837e-09
0.000403008,2.88
0.000404128,0.08
0.000409216,2.96
0.000410208,-4.76837e-09
0.000427744,2.88
0.000436192,-4.76837e-09
0.000452352,2.88
0.000459584,-4.76837e-09
0.000476416,2.88
0.000483872,-4.76837e-09
0.000500928,2.88
0.000501696,0.08
0.000507296,2.88
0.000509632,-4.76837e-09
0.000525504,2.88
0.000526528,0.08
0.000530752,2.88
0.000533056,-4.76837e-09
0.00055056,2.88
0.00055744,-4.76837e-09
0.000575424,2.88
0.00058272,-4.76837e-09
0.000600256,2.88
0.000606976,-4.76837e-09
0.000624864,2.88
0.000625568,0.4
0.00062608,2.8
0.00064032,-4.76837e-09
0.000648992,2.88
0.00065024,0.08
0.00065536,2.88
0.000662848,-4.76837e-09
0.000673248,2.88
0.000674048,0.08
0.000679488,2.88
0.00068912,-4.76837e-09
0.000690016,2.72
0.000698208,1.68
0.00070384,2.88
0.000713376,-4.76837e-09
0.00071472,2.72
0.00071936,2.08
0.000728672,2.96
0.000729536,-4.76837e-09
0.000740096,2.72
0.00074464,2.08
0.000752864,2.88
0.0007544,-4.76837e-09
0.000772896,2.88
0.000779488,-4.76837e-09
0.000797408,2.88
0.000804384,-4.76837e-09
0.00082096,2.88
0.000828064,-4.76837e-09
0.000837376,2.72
0.000845696,1.92
0.000850112,2.88
0.000852352,-4.76837e-09
0.000870112,2.88
0.000876992,-4.76837e-09
0.000895104,2.88
0.000901632,-4.76837e-09
0.000912256,2.64
0.000917056,2.08
0.00092544,2.88
0.000927008,-4.76837e-09
0.000945056,2.88
0.00095168,-4.76837e-09
0.000961056,2.64
0.000961632,1.36
0.000973952,2.88
0.000975616,-4.76837e-09
0.000984736,2.64
0.0009896,2.08
0.00099728,2.88
0.000999328,-4.76837e-09
0.00100906,2.64
0.00101382,2.08
0.00102138,2.88
0.0010241,-4.76837e-09
0.00103418,2.64
0.00103901,2.08
0.0010481,2.88
0.00104918,-4.76837e-09
0.00105901,2.64
0.00106771,1.44
0.00107322,2.88
0.00107421,-4.76837e-09
0.00109578,2.88
0.00109917,-4.76837e-09
0.00110902,0.16
0.00111037,0.08
0.00112227,2.88
0.00112397,-4.76837e-09
0.00113142,2.48
0.00113187,0.8
0.00113261,2.56
0.00113677,2.32
0.0011457,2.88
0.00114659,-4.76837e-09
0.00116582,2.88
0.00117024,-4.76837e-09
0.00118038,2.64
0.00118531,2.08
0.00119475,2.88
0.00119571,-4.76837e-09
0.0012057,2.64
0.0012064,2.0
0.00121962,2.88
0.00122976,-4.76837e-09
0.00123094,2.64
0.00123587,2.08
0.00124515,2.96
0.00124621,-4.76837e-09
0.00126778,2.88
0.00127126,-4.76837e-09
0.00127978,0.16
0.00128496,0.08
0.00129507,2.96
0.00129581,-4.76837e-09
0.00130899,2.88
0.00130976,0.08
0.0013144,-4.76837e-09
0.00132419,0.08
0.00132422,-4.76837e-09
0.00132742,2.64
0.00132822,0.72
0.00134077,2.96
0.00134317,-4.76837e-09
0.00135238,2.64
0.00135309,1.84
0.00136659,2.88
0.00137469,-4.76837e-09
0.00137789,2.64
0.00137846,1.76
0.0013921,2.96
0.00139309,-4.76837e-09
0.00141101,2.88
0.0014184,-4.76837e-09
0.0014295,0.16
0.00143117,0.08
0.00143837,2.88
0.00144429,-4.76837e-09
0.00144963,0.16
0.00145344,-4.76837e-09
0.00146214,0.16
0.00146608,-4.76837e-09
0.00147389,0.24
0.00147533,0.08
0.00148218,2.88
0.00148541,0.08
0.00149011,0.16
0.00149293,-4.76837e-09
0.00149302,0.16
0.00149926,0.08
0.00151123,2.96
0.0015119,0.08
0.00151245,0.16
0.00151248,0.08
0.00151597,0.16
0.00152387,0.08
0.0015247,2.56
0.00152531,0.32
0.00152608,2.56
0.00152931,2.16
0.00153818,2.96
0.00153958,-4.76837e-09
0.00155178,0.16
0.00156406,2.96
0.00156461,0.08
0.00156771,0.16
0.00156774,0.08
0.00157619,0.16
0.00158406,0.08
0.00158912,2.88
0.00159398,-4.76837e-09
0.00159568,0.16
0.00159571,0.08
0.00159581,0.16
0.00159584,0.08
0.00159718,0.16
0.00159722,0.08
0.00160125,0.16
0.00160128,0.08
0.00160131,0.16
0.00160134,0.08
0.00160368,0.16
0.00160371,0.08
0.00160381,0.16
0.00160384,0.08
0.00160397,0.16
0.00160403,0.08
0.00160406,0.16
0.0016041,0.08
0.00160438,0.16
0.00160445,0.08
0.00160454,0.16
0.00160464,0.08
0.00160467,0.16
0.0016047,0.08
0.00160474,0.16
0.00160477,0.08
0.00160493,0.16
0.00160496,0.08
0.00160499,0.16
0.00160502,0.08
0.00160512,0.16
0.00160515,0.08
0.00160554,0.16
0.00160557,0.08
0.0016057,0.16
0.00160576,0.08
0.00160602,0.16
0.00160605,0.08
0.00160611,0.16
0.00160614,0.08
0.0016065,0.16
0.00160653,0.08
0.00160861,0.16
0.00160864,0.08
0.0016097,0.16
0.00160979,0.08
0.00160992,0.16
0.00160995,0.08
0.00161142,0.16
0.00161146,0.08
0.00161258,0.16
0.00161261,0.08
0.00161267,0.16
0.0016127,0.08
0.0016129,0.16
0.00161296,0.08
0.00161322,0.16
0.00161325,0.08
0.00161338,0.16
0.00161341,0.08
0.00161373,0.16
0.00161376,0.08
0.00161411,0.16
0.00161414,0.08
0.0016143,0.16
0.00161434,0.08
0.00161491,0.16
0.00161494,0.08
0.00161606,0.16
0.0016161,0.08
0.00161619,0.16
0.00161622,0.08
0.00161696,0.16
0.00161699,0.08
0.00161709,0.16
0.00161712,0.08
0.00161722,0.16
0.00161725,0.08
0.00161734,0.16
0.00161738,0.08
0.00161792,0.16
0.00161795,0.08
0.0016183,0.16
0.00161834,0.08
0.00161859,0.16
0.00161862,0.08
0.00161872,0.16
0.00161875,0.08
0.00161891,0.16
0.00161894,0.08
0.0016192,0.16
0.00161923,0.08
0.00161952,0.16
0.00161955,0.08
0.00161958,0.16
0.00161971,0.08
0.00161974,0.16
0.00162035,0.08
0.00162038,0.16
0.00162061,0.08
0.00162064,0.16
0.00162083,0.08
0.00162086,0.16
0.00162096,0.08
0.00162099,0.16
0.00162109,0.08
0.00162115,0.16
0.00162125,0.08
0.00162128,0.16
0.00162141,0.08
0.00162144,0.16
0.0016216,0.08
0.00162166,0.16
0.00162176,0.08
0.00162179,0.16
0.00162186,0.08
0.00162192,0.16
0.00162195,0.08
0.00162198,0.16
0.00162208,0.08
0.00162211,0.16
0.00162218,0.08
0.00162234,0.16
0.00162237,0.08
0.0016225,0.16
0.00162253,0.08
0.00162259,0.16
0.00162262,0.08
0.00162266,0.16
0.00162269,0.08
0.00162294,0.16
0.00162298,0.08
0.0016231,0.16
0.00162314,0.08
0.00162323,0.16
0.00162326,0.08
0.00162333,0.16
0.00162336,0.08
0.00162342,0.16
0.00162346,0.08
0.00162365,0.16
0.00162368,0.08
0.00162384,0.16
0.00162387,0.08
0.0016239,0.16
0.00162394,0.08
0.0016241,0.16
0.00162413,0.08
0.00162438,0.16
0.00162442,0.08
0.00162445,0.16
0.00162448,0.08
0.00162451,0.16
0.00162458,0.08
0.00162499,0.16
0.00162506,0.08
0.00162512,0.16
0.00162515,0.08
0.00162554,0.16
0.00162557,0.08
0.0016256,0.16
0.00162563,0.08
0.00162573,0.16
0.00162576,0.08
0.00162579,0.16
0.00162586,0.08
0.00162627,0.16
0.0016263,0.08
0.00162634,0.16
0.00162637,0.08
0.00162669,0.16
0.00162672,0.08
0.00162723,0.16
0.00162726,0.08
0.00162733,0.16
0.00162739,0.08
0.00162787,0.16
0.00162797,0.08
0.00162826,0.16
0.00162829,0.08
0.00162851,0.16
0.00162854,0.08
0.0016287,0.16
0.0016289,0.08
0.00162941,0.16
0.00162944,0.08
0.00162957,0.16
0.0016296,0.08
0.0016297,0.16
0.00162973,0.08
0.00162976,0.16
0.00162979,0.08
0.00163014,0.16
0.00163018,0.08
0.00163069,0.16
0.00163072,0.08
0.00163075,0.16
0.00163078,0.08
0.00163098,0.16
0.00163101,0.08
0.0016312,0.16
0.00163123,0.08
0.00163126,0.16
0.00163133,0.08
0.00163152,0.16
0.00163155,0.08
0.00163162,0.16
0.00163165,0.08
0.00163178,0.16
0.00163184,0.08
0.00163222,0.16
0.00163229,0.08
0.00163264,0.16
0.00163267,0.08
0.0016327,0.16
0.00163274,0.08
0.00163286,0.16
0.0016329,0.08
0.00163293,0.16
0.00163296,0.08
0.00163312,0.16
0.00163315,0.08
0.00163331,0.16
0.00163334,0.08
0.00163354,0.16
0.0016336,0.08
0.00163373,0.16
0.00163376,0.08
0.00163437,0.16
0.0016344,0.08
0.00163466,0.16
0.00163475,0.08
0.00163482,0.16
0.00163491,0.08
0.00163501,0.16
0.0016351,0.08
0.00163514,0.16
0.0016352,0.08
0.00163526,0.16
0.0016353,0.08
0.00163536,0.16
0.00163539,0.08
0.00163616,0.16
0.00163622,0.08
0.00163642,0.16
0.00163645,0.08
0.00163651,0.16
0.00163654,0.08
0.00163667,0.16
0.0016367,0.08
0.00163683,0.16
0.00163693,0.08
0.00163738,0.16
0.00163741,0.08
0.0016375,0.16
0.00163757,0.08
0.00163763,0.16
0.0016377,0.08
0.00163789,0.16
0.00163795,0.08
0.00163798,0.16
0.00163805,0.08
0.00163811,0.16
0.00163814,0.08
0.00163837,0.16
0.00163846,0.08
0.00163859,0.16
0.00163862,0.08
0.00163878,0.16
0.00163882,0.08
0.00163901,0.16
0.00163907,0.08
0.00163914,0.16
0.00163926,0.08
0.00163942,0.16
0.00163946,0.08
0.00163962,0.16
0.00163965,0.08
0.00163968,0.16
0.00163971,0.08
0.00163974,0.16
0.00163981,0.08
0.00164003,0.16
0.00164006,0.08
0.00164016,0.16
0.00164022,0.08
0.00164029,0.16
0.00164035,0.08
0.00164038,0.16
0.00164045,0.08
0.00164051,0.16
0.00164054,0.08
0.00164064,0.16
0.00164074,0.08
0.0016409,0.16
0.00164099,0.08
0.00164118,0.16
0.00164125,0.08
0.00164134,0.16
0.00164141,0.08
0.00164154,0.16
0.00164157,0.08
0.0016417,0.16
0.00164182,0.08
0.00164189,0.16
0.00164192,0.08
0.00164202,0.16
0.00164211,0.08
0.00164218,0.16
0.00164221,0.08
0.0016423,0.16
0.00164234,0.08
0.00164243,0.16
0.00164246,0.08
0.00164253,0.16
0.00164259,0.08
0.00164282,0.16
0.00164285,0.08
0.00164291,0.16
0.00164294,0.08
0.00164317,0.16
0.00164323,0.08
0.00164326,0.16
0.0016433,0.08
0.00164342,0.16
0.00164346,0.08
0.00164355,0.16
0.00164358,0.08
0.00164374,0.16
0.00164378,0.08
0.00164384,0.16
0.00164387,0.08
0.00164403,0.16
0.00164413,0.08
0.00164416,0.16
0.00164419,0.08
0.00164422,0.16
0.00164426,0.08
0.00164432,0.16
0.00164435,0.08
0.00164448,0.16
0.00164454,0.08
0.00164467,0.16
0.0016447,0.08
0.00164477,0.16
0.0016448,0.08
0.0016449,0.16
0.00164496,0.08
0.00164502,0.16
0.00164509,0.08
0.00164512,0.16
0.00164557,0.08
0.0016456,0.16
0.00164563,0.08
0.0016457,0.16
0.00164573,0.08
0.00164576,0.16
0.00164582,0.08
0.00164586,0.16
0.00164592,0.08
0.00164595,0.16
0.00164608,0.08
0.00164611,0.16
0.00164714,0.08
0.00164717,0.16
0.00164736,0.08
0.00164739,0.16
0.00164749,0.08
0.00164752,0.16
0.00164755,0.08
0.00164758,0.16
0.00164784,0.08
0.00164787,0.16
0.00164816,0.08
0.00164819,0.16
0.00164893,0.08
0.00164896,0.16
0.00164902,0.08
0.00164906,0.16
0.00164915,0.08
0.00164918,0.16
0.00164938,0.08
0.00164954,0.16
0.00164976,0.08
0.00164979,0.16
0.00164989,0.08
0.00164992,0.16
0.00164995,0.08
0.00165002,0.16
0.00165005,0.08
0.00165008,0.16
0.00165014,0.08
0.00165021,0.16
0.00165024,0.08
0.0016503,0.16
0.00165037,0.08
0.0016504,0.16
0.00165043,0.08
0.00165046,0.16
0.00165085,0.08
0.00165088,0.16
0.00165101,0.08
0.00165104,0.16
0.0016511,0.08
0.00165117,0.16
0.00165123,0.08
0.0016513,0.16
0.00165139,0.08
0.00165142,0.16
0.00165146,0.08
0.00165165,0.16
0.00165184,0.08
0.00165194,0.16
0.00165197,0.08
0.0016521,0.16
0.00165216,0.08
0.00165238,0.16
0.00165242,0.08
0.00165245,0.16
0.00165258,0.08
0.00165261,0.16
0.00165264,0.08
0.00165267,0.16
0.0016527,0.08
0.00165274,0.16
0.00165277,0.08
0.0016528,0.16
0.00165283,0.08
0.00165286,0.16
0.00165302,0.08
0.00165306,0.16
0.00165309,0.08
0.00165315,0.16
0.00165325,0.08
0.00165334,0.16
0.00165344,0.08
0.00165354,0.16
0.00165357,0.08
0.00165363,0.16
0.00165366,0.08
0.00166368,0.16
0.00166371,0.08
0.00166374,0.16
0.00166378,0.08
0.00166384,0.16
0.00166387,0.08
0.00166397,0.16
0.00166403,0.08
0.00166416,0.16
0.00166429,0.08
0.00166432,0.16
0.00166435,0.08
0.00166438,0.16
0.00166448,0.08
0.00166451,0.16
0.00166467,0.08
0.0016647,0.16
0.00166477,0.08
0.0016648,0.16
0.00166493,0.08
0.00166496,0.16
0.00166502,0.08
0.00166509,0.16
0.00166518,0.08
0.00166525,0.16
0.00166534,0.08
0.00166541,0.16
0.00166544,0.08
0.00166563,0.16
0.00166573,0.08
0.00166576,0.16
0.00166579,0.08
0.00166589,0.16
0.00166592,0.08
0.00166602,0.16
0.00166605,0.08
0.00166627,0.16
0.0016663,0.08
0.00166643,0.16
0.0016665,0.08
0.00166653,0.16
0.00166656,0.08
0.00166659,0.16
0.00166666,0.08
0.00166672,0.16
0.00166675,0.08
0.00166678,0.16
0.00166682,0.08
0.00166701,0.16
0.00166704,0.08
0.00166714,0.16
0.00166717,0.08
0.00166762,0.16
0.00166765,0.08
0.00166778,0.16
0.00166781,0.08
0.00166794,0.16
0.00166797,0.08
0.00166806,0.16
0.0016681,0.08
0.00166829,0.16
0.00166835,0.08
0.00166842,0.16
0.00166845,0.08
0.00166854,0.16
0.00166858,0.08
0.0016688,0.16
0.0016689,0.08
0.00166899,0.16
0.00166902,0.08
0.00166909,0.16
0.00166912,0.08
0.00166925,0.16
0.00166928,0.08
0.00166931,0.16
0.00166934,0.08
0.00166938,0.16
0.00166941,0.08
0.00166944,0.16
0.00166947,0.08
0.00166979,0.16
0.00166982,0.08
0.00167011,0.16
0.00167014,0.08
0.00167024,0.16
0.00167027,0.08
0.00167146,0.24
0.00167347,0.16
0.00168157,2.96
0.00168234,0.08
0.00168237,0.16
0.00168243,0.08
0.00168246,0.16
0.0016825,0.08
0.00168253,0.16
0.00168256,0.08
0.00168262,0.16
0.00168269,0.08
0.00168275,0.16
0.00168278,0.08
0.00168285,0.16
0.00168288,0.08
0.00168291,0.16
0.00168304,0.08
0.0016831,0.16
0.00168314,0.08
0.00168323,0.16
0.00168326,0.08
0.00168336,0.16
0.00168342,0.08
0.00168352,0.16
0.00168355,0.08
0.00168362,0.16
0.00168365,0.08
0.00168371,0.16
0.00168378,0.08
0.00168387,0.16
0.0016839,0.08
0.00168397,0.16
0.001684,0.08
0.00168403,0.16
0.00168413,0.08
0.00168426,0.16
0.00168432,0.08
0.00168448,0.16
0.00168451,0.08
0.00168474,0.16
0.00168477,0.08
0.00168483,0.16
0.00168486,0.08
0.0016849,0.16
0.00168496,0.08
0.00168502,0.16
0.00168506,0.08
0.00168518,0.16
0.00168528,0.08
0.00168531,0.16
0.00168534,0.08
0.00168541,0.16
0.0016855,0.08
0.00168557,0.16
0.0016857,0.08
0.00168576,0.16
0.00168582,0.08
0.00168592,0.16
0.00168598,0.08
0.00168605,0.16
0.00168608,0.08
0.00168614,0.16
0.00168621,0.08
0.00168627,0.16
0.0016863,0.08
0.00168637,0.16
0.00168643,0.08
0.00168646,0.16
0.0016865,0.08
0.00168653,0.16
0.00168656,0.08
0.00168669,0.16
0.00168672,0.08
0.00168675,0.16
0.00168678,0.08
0.00168682,0.16
0.00168691,0.08
0.00168694,0.16
0.00168701,0.08
0.00168704,0.16
0.0016871,0.08
0.00168714,0.16
0.00168723,0.08
0.00168726,0.16
0.0016873,0.08
0.00168733,0.16
0.00168736,0.08
0.00168739,0.16
0.00168752,0.08
0.00168755,0.16
0.00168758,0.08
0.00168762,0.16
0.00168765,0.08
0.00168794,0.16
0.00168797,0.08
0.00168819,0.16
0.00168822,0.08
0.00168826,0.16
0.00168829,0.08
0.00168838,0.16
0.00168845,0.08
0.00168848,0.16
0.00168851,0.08
0.00168861,0.16
0.00168864,0.08
0.00169862,0.16
0.00169917,2.64
0.00170224,2.24
0.00171059,2.96
0.00171126,0.08
0.0017113,0.16
0.00171136,0.08
0.00171139,0.16
0.00171146,0.08
0.00171152,0.16
0.00171155,0.08
0.00171203,0.16
0.00171206,0.08
0.00171226,0.16
0.00171229,0.08
0.00171232,0.16
0.00171235,0.08
0.00171248,0.16
0.00171251,0.08
0.00171258,0.16
0.00171261,0.08
0.00171267,0.16
0.0017127,0.08
0.00171277,0.16
0.0017128,0.08
0.00171286,0.16
0.0017129,0.08
0.00171302,0.16
0.00171306,0.08
0.00171322,0.16
0.00171325,0.08
0.00171328,0.16
0.00171331,0.08
0.00171334,0.16
0.00171338,0.08
0.00171344,0.16
0.00171347,0.08
0.00171357,0.16
0.0017136,0.08
0.00171363,0.16
0.00171366,0.08
0.00171382,0.16
0.00171389,0.08
0.00171395,0.16
0.00171398,0.08
0.00171411,0.16
0.00171414,0.08
0.0017143,0.16
0.00171437,0.08
0.0017145,0.16
0.00171456,0.08
0.00171469,0.16
0.00171472,0.08
0.00171478,0.16
0.00171482,0.08
0.00171488,0.16
0.00171491,0.08
0.00171494,0.16
0.00171498,0.08
0.00171555,0.16
0.00171558,0.08
0.00171578,0.16
0.00171581,0.08
0.00171597,0.16
0.001716,0.08
0.00171629,0.16
0.00171632,0.08
0.00171648,0.16
0.00171651,0.08
0.00171664,0.16
0.00171667,0.08
0.00171683,0.16
0.0017169,0.08
0.00171696,0.16
0.00171706,0.08
0.00171709,0.16
0.00171715,0.08
0.00171722,0.16
0.00171728,0.08
0.00171731,0.16
0.00171734,0.08
0.00171738,0.16
0.00171747,0.08
0.00171754,0.16
0.00171757,0.08
0.00171798,0.16
0.00171802,0.08
0.0017184,0.16
0.00171843,0.08
0.00171846,0.16
0.0017185,0.08
0.00171968,0.16
0.00171971,0.08
0.00171994,0.16
0.00171997,0.08
0.00172029,0.16
0.00172032,0.08
0.0017208,0.16
0.00172083,0.08
0.00172109,0.16
0.00172112,0.08
0.00172125,0.16
0.00172131,0.08
0.00172163,0.16
0.00172166,0.08
0.00172182,0.16
0.00172186,0.08
0.00172192,0.16
0.00172195,0.08
0.00172202,0.16
0.00172205,0.08
0.00172208,0.16
0.00172211,0.08
0.00172224,0.16
0.0017223,0.08
0.00172243,0.16
0.00172246,0.08
0.00172278,0.16
0.00172282,0.08
0.00172285,0.16
0.00172301,0.08
0.00172307,0.16
0.0017231,0.08
0.00172314,0.16
0.00172355,0.08
0.00172358,0.16
0.00172387,0.08
0.0017239,0.16
0.00172454,0.08
0.00172458,0.16
0.00172512,0.08
0.00172515,0.16
0.00172522,0.08
0.00172528,0.16
0.00172541,0.08
0.00172544,0.16
0.00172576,0.08
0.00172579,0.16
0.00172582,0.08
0.00172586,0.16
0.00172592,0.08
0.00172602,0.16
0.00172618,0.08
0.00172621,0.16
0.00172653,0.08
0.00172656,0.16
0.00172659,0.08
0.00172669,0.16
0.00172672,0.08
0.00172685,0.16
0.00172688,0.08
0.00172701,0.16
0.00172704,0.08
0.0017272,0.16
0.00172723,0.08
0.00172726,0.16
0.00172736,0.08
0.00172758,0.16
0.00172762,0.08
0.00172765,0.16
0.00172771,0.08
0.001728,0.16
0.00172803,0.08
0.00172806,0.16
0.0017281,0.08
0.00172816,0.16
0.00172829,0.08
0.00172842,0.16
0.00172851,0.08
0.00172858,0.16
0.00172864,0.08
0.00172877,0.16
0.00172883,0.08
0.0017289,0.16
0.00172893,0.08
0.00172906,0.16
0.00172909,0.08
0.00172912,0.16
0.00172915,0.08
0.00172925,0.16
0.00172928,0.08
0.00172944,0.16
0.00172947,0.08
0.00172973,0.16
0.00172979,0.08
0.00172986,0.16
0.00172989,0.08
0.00173011,0.16
0.00173014,0.08
0.00173034,0.16
0.00173037,0.08
0.00173059,0.16
0.00173062,0.08
0.00173078,0.16
0.00173082,0.08
0.00173094,0.16
0.00173098,0.08
0.00173107,0.16
0.0017311,0.08
0.0017312,0.16
0.00173126,0.08
0.0017313,0.16
0.00173133,0.08
0.00173139,0.16
0.00173142,0.08
0.00173146,0.16
0.00173152,0.08
0.00173158,0.16
0.00173174,0.08
0.00173181,0.16
0.00173184,0.08
0.00173187,0.16
0.00173194,0.08
0.00173206,0.16
0.00173213,0.08
0.00173226,0.16
0.00173229,0.08
0.00173245,0.16
0.00173251,0.08
0.00173293,0.16
0.00173296,0.08
0.00173315,0.16
0.00173318,0.08
0.00173344,0.16
0.00173347,0.08
0.0017335,0.16
0.00173366,0.08
0.00173376,0.16
0.00173382,0.08
0.00173389,0.16
0.00173392,0.08
0.00173402,0.16
0.00173411,0.08
0.00173421,0.16
0.00173427,0.08
0.00173434,0.16
0.00173437,0.08
0.00173443,0.16
0.00173446,0.08
0.0017345,0.16
0.00173453,0.08
0.00173462,0.16
0.00173469,0.08
0.00173498,0.16
0.00173504,0.08
0.00173514,0.16
0.00173517,0.08
0.00173539,0.16
0.00173546,0.08
0.00173571,0.16
0.00173574,0.08
0.0017359,0.16
0.00173594,0.08
0.00173616,0.16
0.00173622,0.08
0.00173626,0.16
0.00173632,0.08
0.00173635,0.16
0.00173645,0.08
0.00173648,0.16
0.00173654,0.08
0.00173658,0.16
0.00173661,0.08
0.00173667,0.16
0.0017367,0.08
0.00173674,0.16
0.00173677,0.08
0.0017368,0.16
0.00173683,0.08
0.0017369,0.16
0.00173693,0.08
0.00173696,0.16
0.00173699,0.08
0.00173718,0.16
0.00173725,0.08
0.00173731,0.16
0.00173738,0.08
0.00173744,0.16
0.00173747,0.08
0.0017375,0.16
0.00173757,0.08
0.00173776,0.16
0.00173779,0.08
0.00173786,0.16
0.00173789,0.08
0.00173792,0.16
0.00173798,0.08
0.00173805,0.16
0.00173811,0.08
0.00173821,0.16
0.00173824,0.08
0.00173834,0.16
0.00173837,0.08
0.0017385,0.16
0.00173859,0.08
0.00173862,0.16
0.00173869,0.08
0.00173875,0.16
0.00173888,0.08
0.00173894,0.16
0.00173901,0.08
0.00173904,0.16
0.0017391,0.08
0.00173914,0.16
0.00173946,0.08
0.00173949,0.16
0.00173971,0.08
0.00173974,0.16
0.00173978,0.08
0.00173981,0.16
0.00174019,0.08
0.00174026,0.16
0.00174035,0.08
0.00174038,0.16
0.00174045,0.08
0.00174048,0.16
0.00174061,0.08
0.0017407,0.16
0.00174086,0.08
0.0017409,0.16
0.00174093,0.08
0.00174096,0.16
0.00174102,0.08
0.00174106,0.16
0.00174115,0.08
0.00174118,0.16
0.00174141,0.08
0.00174157,0.16
0.0017416,0.08
0.00174163,0.16
0.00174166,0.08
0.0017417,0.16
0.00174173,0.08
0.00174179,0.16
0.00174192,0.08
0.00174198,0.16
0.00174214,0.08
0.00174218,0.16
0.00174221,0.08
0.00174227,0.16
0.0017423,0.08
0.00174237,0.16
0.0017424,0.08
0.00174243,0.16
0.00174246,0.08
0.00174262,0.16
0.00174266,0.08
0.00174272,0.16
0.00174278,0.08
0.00174317,0.16
0.0017432,0.08
0.00174323,0.16
0.00174326,0.08
0.00174342,0.16
0.00174349,0.08
0.00174352,0.16
0.00174365,0.08
0.00174381,0.16
0.00174387,0.08
0.00174394,0.16
0.00174397,0.08
0.001744,0.16
0.0017441,0.08
0.00174426,0.16
0.00174429,0.08
0.00174432,0.16
0.00174435,0.08
0.00174448,0.16
0.00174451,0.08
0.0017449,0.16
0.00174499,0.08
0.00174509,0.16
0.00174512,0.08
0.00174515,0.16
0.00174522,0.08
0.00174525,0.16
0.00174528,0.08
0.00174531,0.16
0.00174534,0.08
0.00174538,0.16
0.00174541,0.08
0.00174544,0.16
0.00174547,0.08
0.00174557,0.16
0.0017456,0.08
0.00174563,0.16
0.00174566,0.08
0.0017457,0.16
0.00174573,0.08
0.00174579,0.16
0.00174582,0.08
0.00174586,0.16
0.00174589,0.08
0.00174605,0.16
0.00174608,0.08
0.00174611,0.16
0.00174618,0.08
0.00174643,0.16
0.0017465,0.08
0.00174653,0.16
0.00174656,0.08
0.00174662,0.16
0.00174666,0.08
0.00174685,0.16
0.00174688,0.08
0.00174701,0.16
0.00174704,0.08
0.00174723,0.16
0.0017473,0.08
0.00174749,0.16
0.00174752,0.08
0.00174755,0.16
0.00174758,0.08
0.00174781,0.16
0.00174784,0.08
0.00174797,0.16
0.00174803,0.08
0.0017481,0.16
0.00174813,0.08
0.00174826,0.16
0.00174829,0.08
0.00174845,0.16
0.00174861,0.08
0.00174883,0.16
0.00174886,0.08
0.00174902,0.16
0.00174918,0.08
0.00174944,0.16
0.00174947,0.08
0.0017496,0.16
0.0017497,0.08
0.00174979,0.16
0.00174982,0.08
0.00174986,0.16
0.00174989,0.08
0.00174995,0.16
0.00174998,0.08
0.00175024,0.16
0.0017503,0.08
0.00175034,0.16
0.00175037,0.08
0.0017505,0.16
0.00175062,0.08
0.00175066,0.16
0.00175069,0.08
0.00175075,0.16
0.00175082,0.08
0.00175098,0.16
0.00175101,0.08
0.00175104,0.16
0.00175107,0.08
0.00175114,0.16
0.0017513,0.08
0.00175136,0.16
0.00175139,0.08
0.00175142,0.16
0.00175149,0.08
0.00175158,0.16
0.00175165,0.08
0.00175171,0.16
0.00175178,0.08
0.00175181,0.16
0.00175184,0.08
0.0017519,0.16
0.00175194,0.08
0.00175197,0.16
0.001752,0.08
0.00175203,0.16
0.0017521,0.08
0.00175222,0.16
0.00175226,0.08
0.00175229,0.16
0.00175235,0.08
0.00175242,0.16
0.00175245,0.08
0.00175248,0.16
0.00175254,0.08
0.00175267,0.16
0.00175274,0.08
0.00175277,0.16
0.0017528,0.08
0.00175283,0.16
0.00175286,0.08
0.0017529,0.16
0.00175296,0.08
0.00175299,0.16
0.00175306,0.08
0.00175309,0.16
0.00175318,0.08
0.00175325,0.16
0.00175331,0.08
0.00175347,0.16
0.0017535,0.08
0.0017536,0.16
0.00175366,0.08
0.00175373,0.16
0.00175376,0.08
0.00175382,0.16
0.00175386,0.08
0.00175402,0.16
0.00175405,0.08
0.00175408,0.16
0.00175427,0.08
0.00175434,0.16
0.00175437,0.08
0.00175443,0.16
0.00175446,0.08
0.00175453,0.16
0.00175459,0.08
0.00175462,0.16
0.00175466,0.08
0.00175482,0.16
0.00175488,0.08
0.00175491,0.16
0.00175498,0.08
0.00175501,0.16
0.00175504,0.08
0.00175517,0.16
0.0017552,0.08
0.00175523,0.16
0.00175526,0.08
0.0017553,0.16
0.00175539,0.08
0.00175549,0.16
0.00175552,0.08
0.00175558,0.16
0.00175562,0.08
0.00175571,0.16
0.00175574,0.08
0.00175578,0.16
0.00175581,0.08
0.00175594,0.16
0.00175597,0.08
0.00175606,0.16
0.0017561,0.08
0.00175619,0.16
0.00175622,0.08
0.00175632,0.16
0.00175638,0.08
0.00175642,0.16
0.00175648,0.08
0.00175654,0.16
0.00175658,0.08
0.00175661,0.16
0.00175667,0.08
0.0017567,0.16
0.00175674,0.08
0.00175683,0.16
0.00175696,0.08
0.00175699,0.16
0.00175706,0.08
0.00175722,0.16
0.00175725,0.08
0.00175734,0.16
0.00175738,0.08
0.00175747,0.16
0.0017576,0.08
0.00175776,0.16
0.00175779,0.08
0.00175782,0.16
0.00175786,0.08
0.00175789,0.16
0.00175792,0.08
0.00175795,0.16
0.00175808,0.08
0.00175818,0.16
0.00175821,0.08
0.00175827,0.16
0.0017583,0.08
0.00175856,0.16
0.00175862,0.08
0.00175866,0.16
0.00175875,0.08
0.00175878,0.16
0.00175882,0.08
0.00175885,0.16
0.00175894,0.08
0.00175898,0.16
0.00175901,0.08
0.0017592,0.16
0.0017593,0.08
0.00175933,0.16
0.00175939,0.08
0.00175955,0.16
0.00175968,0.08
0.00175971,0.16
0.00175997,0.08
0.0017601,0.16
0.00176029,0.08
0.00176032,0.16
0.00176038,0.08
0.00176045,0.16
0.00176054,0.08
0.00176061,0.16
0.0017607,0.08
0.00176074,0.16
0.00176083,0.08
0.0017609,0.16
0.00176096,0.08
0.00176102,0.16
0.00176106,0.08
0.00176109,0.16
0.00176112,0.08
0.00176115,0.16
0.00176118,0.08
0.00176122,0.16
0.00176128,0.08
0.00176134,0.16
0.00176147,0.08
0.00176154,0.16
0.00176166,0.08
0.00176176,0.16
0.00176179,0.08
0.00176182,0.16
0.00176189,0.08
0.00176195,0.16
0.00176211,0.08
0.00176214,0.16
0.00176224,0.08
0.00176234,0.16
0.00176243,0.08
0.00176256,0.16
0.00176282,0.08
0.00176285,0.16
0.00176291,0.08
0.00176294,0.16
0.00176298,0.08
0.00176307,0.16
0.00176326,0.08
0.0017633,0.16
0.00176336,0.08
0.00176339,0.16
0.00176352,0.08
0.00176355,0.16
0.00176358,0.08
0.00176365,0.16
0.00176371,0.08
0.00176374,0.16
0.00176381,0.08
0.00176384,0.16
0.00176394,0.08
0.00176406,0.16
0.00176413,0.08
0.00176416,0.16
0.00176419,0.08
0.00176422,0.16
0.00176429,0.08
0.00176432,0.16
0.00176458,0.08
0.00176461,0.16
0.00176464,0.08
0.00176467,0.16
0.00176483,0.08
0.0017649,0.16
0.00176493,0.08
0.00176496,0.16
0.00176502,0.08
0.00176506,0.16
0.00176509,0.08
0.00176512,0.16
0.00176525,0.08
0.00176528,0.16
0.00176534,0.08
0.00176541,0.16
0.00176544,0.08
0.00176547,0.16
0.00176557,0.08
0.00176563,0.16
0.0017657,0.08
0.00176573,0.16
0.00176586,0.08
0.00176589,0.16
0.00176602,0.08
0.00176608,0.16
0.00176624,0.08
0.00176637,0.16
0.00176646,0.08
0.0017665,0.16
0.00176653,0.08
0.00176656,0.16
0.00176662,0.08
0.00176672,0.16
0.00176675,0.08
0.00176682,0.16
0.00176685,0.08
0.00176688,0.16
0.00176701,0.08
0.00176707,0.16
0.0017671,0.08
0.00176714,0.16
0.00176723,0.08
0.00176726,0.16
0.0017673,0.08
0.00176733,0.16
0.00176742,0.08
0.00176746,0.16
0.00176762,0.08
0.00176765,0.16
0.00176784,0.08
0.0017679,0.16
0.001768,0.08
0.00176806,0.16
0.00176816,0.08
0.00176819,0.16
0.00176822,0.08
0.00176835,0.16
0.00176838,0.08
0.00176842,0.16
0.00176854,0.08
0.00176861,0.16
0.0017687,0.08
0.00176874,0.16
0.0017688,0.08
0.00176883,0.16
0.00176893,0.08
0.00176896,0.16
0.00176915,0.08
0.00176922,0.16
0.00176925,0.08
0.00176931,0.16
0.00176941,0.08
0.00176944,0.16
0.0017696,0.08
0.00176963,0.16
0.00176986,0.08
0.00176989,0.16
0.00176995,0.08
0.00176998,0.16
0.00177011,0.08
0.00177018,0.16
0.00177037,0.08
0.0017704,0.16
0.0017705,0.08
0.00177056,0.16
0.00177059,0.08
0.00177062,0.16
0.00177066,0.08
0.00177075,0.16
0.00177091,0.08
0.00177094,0.16
0.00177098,0.08
0.00177101,0.16
0.00177114,0.08
0.00177117,0.16
0.00177133,0.08
0.00177146,0.16
0.00177158,0.08
0.00177162,0.16
0.00177181,0.08
0.00177184,0.16
0.001772,0.08
0.00177206,0.16
0.00177235,0.08
0.00177238,0.16
0.00177258,0.08
0.00177267,0.16
0.00177277,0.08
0.00177283,0.16
0.00177296,0.08
0.00177306,0.16
0.00177312,0.08
0.00177315,0.16
0.00177318,0.08
0.00177322,0.16
0.00177338,0.08
0.00177341,0.16
0.00177344,0.08
0.00177347,0.16
0.00177366,0.08
0.0017737,0.16
0.00177376,0.08
0.00177379,0.16
0.00177382,0.08
0.00177389,0.16
0.00177427,0.08
0.00177434,0.16
0.0017745,0.08
0.00177456,0.16
0.00177462,0.08
0.00177475,0.16
0.00177485,0.08
0.00177488,0.16
0.00177555,0.08
0.00177558,0.16
0.00177562,0.08
0.00177568,0.16
0.00177571,0.08
0.00177581,0.16
0.001776,0.08
0.00177603,0.16
0.00177626,0.08
0.00177632,0.16
0.00177645,0.08
0.00177651,0.16
0.0017767,0.08
0.00177674,0.16
0.0017768,0.08
0.00177683,0.16
0.00177699,0.08
0.00177709,0.16
0.00177725,0.08
0.00177728,0.16
0.0017775,0.08
0.00177757,0.16
0.00177773,0.08
0.00177776,0.16
0.00177814,0.08
0.00178794,0.16
0.00178797,0.08
0.0017881,0.16
0.00178813,0.08
0.00178835,0.16
0.00178838,0.08
0.00178848,0.16
0.00178851,0.08
0.00178858,0.16
0.00178861,0.08
0.00178864,0.16
0.00178867,0.08
0.0017889,0.16
0.00178893,0.08
0.00178902,0.16
0.00178906,0.08
0.00178912,0.16
0.00178918,0.08
0.00178922,0.16
0.00178934,0.08
0.00178954,0.16
0.00178957,0.08
0.00178963,0.16
0.0017897,0.08
0.00178973,0.16
0.00178976,0.08
0.00178979,0.16
0.00178982,0.08
0.00178989,0.16
0.00178995,0.08
0.00179018,0.16
0.00179021,0.08
0.00179037,0.16
0.0017904,0.08
0.00179062,0.16
0.00179066,0.08
0.00179075,0.16
0.00179082,0.08
0.0017913,0.16
0.00179133,0.08
0.00179152,0.16
0.00179158,0.08
0.00179178,0.16
0.00179181,0.08
0.00179219,0.24
0.00179482,0.08
0.00179485,0.16
0.0017951,0.08
0.00179514,0.16
0.00179546,0.08
0.00179549,0.16
0.00179552,0.08
0.00179555,0.16
0.00179584,0.08
0.00179587,0.16
0.00179603,0.08
0.00179606,0.16
0.00179619,0.08
0.00179622,0.16
0.00179632,0.08
0.00179635,0.16
0.00179658,0.08
0.00179667,0.16
0.00179677,0.08
0.0017968,0.16
0.00179696,0.08
0.00179699,0.16
0.00179702,0.08
0.00179712,0.16
0.00179725,0.08
0.00179728,0.16
0.00179731,0.08
0.00179738,0.16
0.00179747,0.08
0.0017975,0.16
0.0017976,0.08
0.00179766,0.16
0.00179776,0.08
0.00179779,0.16
0.00179786,0.08
0.00179789,0.16
0.00179795,0.08
0.00179798,0.16
0.00179802,0.08
0.00179821,0.16
0.00179827,0.08
0.00179834,0.16
0.00179837,0.08
0.00179843,0.16
0.00179846,0.08
0.0017985,0.16
0.00179856,0.08
0.00179859,0.16
0.00179869,0.08
0.00179872,0.16
0.00179885,0.08
0.00179894,0.16
0.0017992,0.08
0.00179923,0.16
0.00179926,0.08
0.0017993,0.16
0.00179939,0.08
0.00179942,0.16
0.00179946,0.08
0.00179949,0.16
0.00179952,0.08
0.00179955,0.16
0.00179962,0.08
0.00179965,0.16
0.00179971,0.08
0.00179974,0.16
0.00179994,0.08
0.00179997,0.16
0.00180026,0.08
0.00180029,0.16
0.00180032,0.08
0.00180051,0.16
0.00180054,0.08
0.00180058,0.16
0.0018007,0.08
0.00180074,0.16
0.0018008,0.08
0.00180083,0.16
0.0018009,0.08
0.00180096,0.16
0.00180106,0.08
0.00180112,0.16
0.00180118,0.08
0.00180125,0.16
0.00180128,0.08
0.00180131,0.16
0.00180144,0.08
0.00180147,0.16
0.00180154,0.08
0.0018016,0.16
0.00180163,0.08
0.00180173,0.16
0.00180176,0.08
0.00180179,0.16
0.00180182,0.08
0.00180186,0.16
0.00180189,0.08
0.00180192,0.16
0.00180205,0.08
0.00180211,0.16
0.00180218,0.08
0.00180227,0.16
0.00180237,0.08
0.0018024,0.16
0.00180246,0.08
0.0018025,0.16
0.00180253,0.08
0.00180256,0.16
0.00180266,0.08
0.00180269,0.16
0.00180272,0.08
0.00180275,0.16
0.00180278,0.08
0.00180288,0.16
0.00180346,0.08
0.00180349,0.16
0.00180352,0.08
0.00180355,0.16
0.00180362,0.08
0.00180365,0.16
0.00180368,0.08
0.00180371,0.16
0.00180384,0.08
0.00180387,0.16
0.00180413,0.08
0.00180416,0.16
0.00180419,0.08
0.00180422,0.16
0.00180429,0.08
0.00180432,0.16
0.00180442,0.08
0.00180445,0.16
0.00180464,0.08
0.00180467,0.16
0.0018049,0.08
0.00180493,0.16
0.00180499,0.08
0.00180502,0.16
0.00180509,0.08
0.00180515,0.16
0.00180541,0.08
0.00180544,0.16
0.00180554,0.08
0.00180557,0.16
0.00180611,0.08
0.00180614,0.16
0.00180627,0.08
0.0018063,0.16
0.00180634,0.08
0.00180637,0.16
0.0018064,0.08
0.0018065,0.16
0.00180653,0.08
0.00180656,0.16
0.00180669,0.08
0.00181664,0.16
0.00181667,0.08
0.00181677,0.16
0.0018168,0.08
0.00181734,0.24
0.0018201,0.16
0.00182762,2.96
0.00182838,0.08
0.00182842,0.16
0.00182854,0.08
0.00182858,0.16
0.00182864,0.08
0.00182867,0.16
0.00182906,0.08
0.00182909,0.16
0.00182918,0.08
0.00182922,0.16
0.00182928,0.08
0.00182934,0.16
0.00182944,0.08
0.00182947,0.16
0.0018295,0.08
0.00182957,0.16
0.0018296,0.08
0.00182966,0.16
0.00182973,0.08
0.00182979,0.16
0.00182992,0.08
0.00182995,0.16
0.00183002,0.08
0.00183005,0.16
0.00183014,0.08
0.00183018,0.16
0.00183043,0.08
0.0018305,0.16
0.00183056,0.08
0.00183062,0.16
0.00183072,0.08
0.00183082,0.16
0.00183091,0.08
0.00183101,0.16
0.00183107,0.08
0.00183114,0.16
0.0018312,0.08
0.00183123,0.16
0.00183126,0.08
0.00183133,0.16
0.00183136,0.08
0.00183142,0.16
0.00183155,0.08
0.00183162,0.16
0.00183174,0.08
0.00183181,0.16
0.00183184,0.08
0.0018321,0.16
0.00183213,0.08
0.00183216,0.16
0.00183222,0.08
0.00183226,0.16
0.00183242,0.08
0.00183245,0.16
0.00183254,0.08
0.00183258,0.16
0.00183267,0.08
0.00183274,0.16
0.00183293,0.08
0.00183299,0.16
0.00183302,0.08
0.00183306,0.16
0.00183309,0.08
0.00183315,0.16
0.00183322,0.08
0.00183328,0.16
0.00183334,0.08
0.0018433,0.16
0.00184333,0.08
0.00184349,0.16
0.00184358,0.08
0.00184474,0.24
0.00184637,0.08
0.0018464,0.16
0.00184752,0.08
0.00184755,0.16
0.00184774,0.08
0.00184778,0.16
0.00184787,0.08
0.00184794,0.16
0.00184797,0.08
0.001848,0.16
0.00184803,0.08
0.00184806,0.16
0.00184816,0.08
0.00184819,0.16
0.00184829,0.08
0.00184832,0.16
0.00184835,0.08
0.00184838,0.16
0.00184845,0.08
0.00184848,0.16
0.00184858,0.08
0.00184861,0.16
0.00184864,0.08
0.00184867,0.16
0.0018487,0.08
0.00184874,0.16
0.0018488,0.08
0.00184883,0.16
0.00184886,0.08
0.0018489,0.16
0.00184899,0.08
0.00184902,0.16
0.00184922,0.08
0.00184925,0.16
0.00184934,0.08
0.00184938,0.16
0.00184941,0.08
0.00184944,0.16
0.00184957,0.08
0.0018496,0.16
0.0018497,0.08
0.00184973,0.16
0.00184976,0.08
0.00184982,0.16
0.00185008,0.08
0.00185011,0.16
0.00185018,0.08
0.00185027,0.16
0.00185222,0.08
0.00185226,0.16
0.00185229,0.08
0.00185232,0.16
0.00185261,0.08
0.00185264,0.16
0.00185277,0.08
0.0018528,0.16
0.00185283,0.08
0.00185286,0.16
0.00185357,0.08
0.00185366,0.16
0.00185389,0.08
0.00185392,0.16
0.00185398,0.08
0.00185402,0.16
0.00185405,0.08
0.00185418,0.16
0.00185427,0.08
0.0018543,0.16
0.00185434,0.08
0.00185437,0.16
0.00185456,0.08
0.00185459,0.16
0.00185469,0.08
0.00185475,0.16
0.00185478,0.08
0.00185482,0.16
0.00185488,0.08
0.00185494,0.16
0.00185504,0.08
0.0018551,0.16
0.00185514,0.08
0.00185517,0.16
0.00185523,0.08
0.00185526,0.16
0.00185536,0.08
0.00185539,0.16
0.00185542,0.08
0.00185546,0.16
0.00185552,0.08
0.00185555,0.16
0.00185581,0.08
0.00185587,0.16
0.00185594,0.08
0.00185597,0.16
0.00185638,0.08
0.00185642,0.16
0.00185645,0.08
0.00185648,0.16
0.00185658,0.08
0.00185661,0.16
0.00185667,0.08
0.0018567,0.16
0.0018568,0.08
0.00185683,0.16
0.00185686,0.08
0.0018569,0.16
0.00185706,0.08
0.00185709,0.16
0.00185712,0.08
0.00185715,0.16
0.00185722,0.08
0.00185728,0.16
0.00185734,0.08
0.00185738,0.16
0.00185747,0.08
0.0018575,0.16
0.00185763,0.08
0.0018577,0.16
0.00185776,0.08
0.00185779,0.16
0.00185792,0.08
0.00185795,0.16
0.00185811,0.08
0.00185824,0.16
0.0018583,0.08
0.00185834,0.16
0.0018584,0.08
0.00185846,0.16
0.0018585,0.08
0.00185856,0.16
0.00185859,0.08
0.00185875,0.16
0.00185882,0.08
0.00185885,0.16
0.00185894,0.08
0.00185898,0.16
0.00185914,0.08
0.0018592,0.16
0.00185949,0.08
0.00185955,0.16
0.00185981,0.08
0.00185984,0.16
0.0018599,0.08
0.00186992,0.16
0.00186995,0.08
0.00187261,0.24
0.00187386,0.08
0.00187389,0.16
0.00187398,0.08
0.00187402,0.16
0.00187466,0.08
0.00187469,0.16
0.00187472,0.08
0.00187475,0.16
0.00187478,0.08
0.00187482,0.16
0.00187488,0.08
0.00187494,0.16
0.00187504,0.08
0.00187507,0.16
0.00187517,0.08
0.0018752,0.16
0.00187555,0.08
0.00187558,0.16
0.00187562,0.08
0.00187565,0.16
0.00187574,0.08
0.00187578,0.16
0.0018768,0.08
0.00187683,0.16
0.00187699,0.08
0.00187702,0.16
0.00187731,0.08
0.00187734,0.16
0.00187744,0.08
0.00187747,0.16
0.00187763,0.08
0.00187766,0.16
0.00187798,0.08
0.00187802,0.16
0.00187834,0.08
0.00187837,0.16
0.0018784,0.08
0.00187843,0.16
0.00187862,0.08
0.00187866,0.16
0.00187888,0.08
0.00187894,0.16
0.00187946,0.08
0.00187949,0.16
0.00187962,0.08
0.00187965,0.16
0.00187968,0.08
0.00187971,0.16
0.0018799,0.08
0.00187994,0.16
0.00188032,0.08
0.00188035,0.16
0.00188115,0.08
0.00188118,0.16
0.00188166,0.08
0.0018817,0.16
0.00188205,0.08
0.00188208,0.16
0.00188262,0.08
0.00188269,0.16
0.00188394,0.08
0.00188397,0.16
0.00188435,0.08
0.00188438,0.16
0.00188467,0.08
0.0018847,0.16
0.00188474,0.08
0.00188477,0.16
0.00188502,0.08
0.00188506,0.16
0.00188518,0.08
0.00188522,0.16
0.00188547,0.08
0.0018855,0.16
0.00188598,0.08
0.00188602,0.16
0.0018864,0.08
0.00188643,0.16
0.00188662,0.08
0.00188666,0.16
0.00188678,0.08
0.00188682,0.16
0.00188781,0.08
0.00188784,0.16
0.00188838,0.08
0.00188842,0.16
0.00188858,0.08
0.00188861,0.16
0.00188867,0.08
0.00188877,0.16
0.00188896,0.08
0.00188899,0.16
0.00188915,0.08
0.00188918,0.16
0.0018896,0.08
0.00188963,0.16
0.00188982,0.08
0.00188986,0.16
0.00189008,0.08
0.00189011,0.16
0.00189014,0.08
0.00189018,0.16
0.00189053,0.08
0.00189056,0.16
0.0018911,0.08
0.00189114,0.16
0.00189152,0.08
0.00189155,0.16
0.00189174,0.08
0.00189181,0.16
0.00189325,0.08
0.00189328,0.16
0.00189357,0.08
0.0018936,0.16
0.00189405,0.08
0.00189408,0.16
0.0018943,0.08
0.00189434,0.16
0.00189533,0.08
0.00189536,0.16
0.00189549,0.08
0.00189552,0.16
0.00189597,0.08
0.001896,0.16
0.00189645,0.08
0.00189648,0.16
0.00189651,0.08
0.00189654,0.16
0.00189696,0.08
0.00189699,0.16
0.00189776,0.08
0.00189779,0.16
0.00189936,0.08
0.00189939,0.16
0.00190051,0.08
0.00190979,0.16
0.00190982,0.08
0.00191066,0.24
0.0019111,0.08
0.00191376,0.24
0.00191434,0.08
0.00191437,0.16
0.00191504,0.08
0.00191507,0.16
0.00191565,0.08
0.00191568,0.16
0.00191571,0.08
0.00191578,0.16
0.00191587,0.08
0.00191594,0.16
0.00191597,0.08
0.001916,0.16
0.00191632,0.08
0.00191635,0.16
0.00191699,0.08
0.00191702,0.16
0.00191715,0.08
0.00191718,0.16
0.00191728,0.08
0.00191731,0.16
0.00191786,0.08
0.00191789,0.16
0.00191846,0.08
0.0019185,0.16
0.00191872,0.08
0.00191875,0.16
0.00191878,0.08
0.00191882,0.16
0.00191891,0.08
0.00191894,0.16
0.00191907,0.08
0.0019191,0.16
0.00191936,0.08
0.00191939,0.16
0.00191974,0.08
0.00191978,0.16
0.00192029,0.08
0.00192032,0.16
0.00192038,0.08
0.00192042,0.16
0.00192109,0.08
0.00192112,0.16
0.00192122,0.08
0.00192125,0.16
0.00192144,0.08
0.00192147,0.16
0.00192154,0.08
0.00192157,0.16
0.00192166,0.08
0.0019217,0.16
0.00192275,0.08
0.00192278,0.16
0.00192342,0.08
0.00192346,0.16
0.001924,0.08
0.00192403,0.16
0.00192435,0.08
0.00192438,0.16
0.00192474,0.08
0.00192477,0.16
0.00192522,0.08
0.00192525,0.16
0.00192653,0.08
0.00192656,0.16
0.00192698,0.08
0.00192701,0.16
0.00192742,0.08
0.00192746,0.16
0.00192774,0.08
0.00192778,0.16
0.00192794,0.08
0.00192797,0.16
0.00192826,0.08
0.00192829,0.16
0.00192851,0.08
0.00192854,0.16
0.00192896,0.08
0.00192899,0.16
0.00192922,0.08
0.00192928,0.16
0.00192957,0.08
0.0019296,0.16
0.00192976,0.08
0.00192979,0.16
0.00193014,0.08
0.00193018,0.16
0.00193056,0.08
0.00193059,0.16
0.00193062,0.08
0.00193066,0.16
0.00193126,0.08
0.0019313,0.16
0.00193283,0.08
0.00193286,0.16
0.00193354,0.08
0.00193357,0.16
0.0019345,0.08
0.00194419,0.16
0.00194422,0.08
0.0019447,0.24
0.00194474,0.08
0.00194944,0.24
0.00195072,0.08
0.00195075,0.16
0.00195222,0.08
0.00195226,0.16
0.00195261,0.08
0.00195264,0.16
0.00195309,0.08
0.00195312,0.16
0.00195395,0.08
0.00195398,0.16
0.00195456,0.08
0.00196438,0.16
0.00196442,0.08
0.00196598,0.24
0.00196896,0.08
0.00197581,0.24
0.00197626,0.08
0.00197629,0.16
0.0019863,0.08
0.00198838,0.24
0.00199299,0.08
0.00199302,0.16
0.00199414,0.08
0.00199418,0.16
0.0019943,0.08
0.00199434,0.16
0.0019953,0.08
0.00199533,0.16
0.00199584,0.08
0.00199587,0.16
0.00199642,0.08
0.00199645,0.16
0.00199709,0.08
0.00199712,0.16
0.00199776,0.08
0.00199782,0.16
0.00199923,0.08
0.00199926,0.16
0.0019993,0.08
0.00199933,0.16
0.00199939,0.08
0.00199942,0.16
0.00199955,0.08
0.00199958,0.16
0.00200029,0.08
0.00200035,0.16
0.00200064,0.08
0.0020007,0.16
0.00200096,0.08
0.00200099,0.16
0.00200131,0.08
0.00200134,0.16
0.00200141,0.08
0.00200144,0.16
0.00200246,0.08
0.0020025,0.16
0.00200438,0.08
0.00200442,0.16
0.00200461,0.08
0.00200464,0.16
0.0020047,0.08
0.00200474,0.16
0.00200483,0.08
0.00200486,0.16
0.00200493,0.08
0.00200496,0.16
0.00200525,0.08
0.00200528,0.16
0.00200592,0.08
0.00200595,0.16
0.00200736,0.08
0.00201606,0.16
0.0020161,0.08
0.00201805,0.24
0.00201843,0.08
0.00201846,0.16
0.0020191,0.08
0.00201914,0.16
0.00201933,0.08
0.00201936,0.16
0.00201965,0.08
0.00201968,0.16
0.00202006,0.08
0.0020201,0.16
0.00202064,0.08
0.00202067,0.16
0.00202106,0.08
0.00202109,0.16
0.0020225,0.08
0.00202253,0.16
0.00202275,0.08
0.00202278,0.16
0.00202358,0.08
0.00202365,0.16
0.00202368,0.08
0.00202371,0.16
0.00202384,0.08
0.00202387,0.16
0.00202416,0.08
0.00202419,0.16
0.00202429,0.08
0.00202432,0.16
0.00202486,0.08
0.00202493,0.16
0.00202512,0.08
0.00202515,0.16
0.0020256,0.08
0.00202563,0.16
0.00202582,0.08
0.00202586,0.16
0.00202592,0.08
0.00202598,0.16
0.00202637,0.08
0.0020264,0.16
0.00202771,0.08
0.00202774,0.16
0.00202918,0.08
0.00202922,0.16
0.00202998,0.08
0.00203936,0.16
0.00203939,0.08
0.00204131,0.24
0.00204179,0.08
0.00204182,0.16
0.00205184,0.08
0.002052,0.24
0.00205238,0.08
0.00206176,0.24
0.0020625,0.08
0.00206253,0.16
0.00206291,0.08
0.00206294,0.16
0.00206317,0.08
0.0020632,0.16
0.00206403,0.08
0.00207341,0.16
0.00207344,0.08
0.00207466,0.24
0.00207475,0.08
0.00207808,0.24
0.00207824,0.08
0.00208083,0.24
0.0020809,0.08
0.00208093,0.16
0.00208214,0.08
0.00209197,0.16
0.00209203,0.08
0.0020943,0.24
0.00209456,0.08
0.00209459,0.16
0.00209494,0.08
0.00209501,0.16
0.00209504,0.08
0.00209507,0.16
0.00209626,0.08
0.00209632,0.16
0.00209648,0.08
0.00209651,0.16
0.00209661,0.08
0.00209664,0.16
0.00209773,0.08
0.00209776,0.16
0.00209798,0.08
0.00209802,0.16
0.00209811,0.08
0.00209814,0.16
0.00209907,0.08
0.0020991,0.16
0.00209939,0.08
0.00209942,0.16
0.00209971,0.08
0.00209974,0.16
0.00210019,0.08
0.00210022,0.16
0.00210035,0.08
0.00210042,0.16
0.00210054,0.08
0.00210058,0.16
0.0021009,0.08
0.00210093,0.16
0.00210173,0.08
0.00210176,0.16
0.00210237,0.08
0.0021024,0.16
0.00210246,0.08
0.0021025,0.16
0.00210445,0.08
0.00210448,0.16
0.00210486,0.08
0.0021049,0.16
0.00210656,0.08
0.00210659,0.16
0.00210714,0.08
0.00210717,0.16
0.00210765,0.08
0.00210768,0.16
0.00210803,0.08
0.00210806,0.16
0.00210906,0.08
0.00210909,0.16
0.00210941,0.08
0.00210944,0.16
0.00211181,0.08
0.00211184,0.16
0.00211206,0.08
0.0021121,0.16
0.00211274,0.08
0.00211277,0.16
0.00211411,0.08
0.00211414,0.16
0.0021143,0.08
0.00211434,0.16
0.00211462,0.08
0.00211469,0.16
0.00211488,0.08
0.00211491,0.16
0.0021151,0.08
0.00211514,0.16
0.00211536,0.08
0.00211539,0.16
0.00211542,0.08
0.00211546,0.16
0.00211651,0.08
0.00211654,0.16
0.00211664,0.08
0.00211667,0.16
0.00211699,0.08
0.00211702,0.16
0.00211792,0.08
0.00211795,0.16
0.0021183,0.08
0.00211834,0.16
0.00211898,0.08
0.00211901,0.16
0.00211914,0.08
0.0021192,0.16
0.00211965,0.08
0.00211971,0.16
0.00212,0.08
0.00212003,0.16
0.00212208,0.08
0.00212211,0.16
0.00212224,0.08
0.00212227,0.16
0.0021231,0.08
0.00212314,0.16
0.0021232,0.08
0.00212323,0.16
0.00212397,0.08
0.002124,0.16
0.0021256,0.08
0.00212563,0.16
0.00212579,0.08
0.00212582,0.16
0.00212643,0.08
0.00212646,0.16
0.00212883,0.08
0.00213834,0.16
0.00213837,0.08
0.00213869,0.24
0.00213907,0.08
0.0021391,0.16
0.00213971,0.08
0.00213974,0.16
0.00214045,0.08
0.00214048,0.16
0.00214096,0.08
0.00214102,0.16
0.00214131,0.08
0.00214134,0.16
0.0021415,0.08
0.00214154,0.16
0.00214189,0.08
0.00214192,0.16
0.0021423,0.08
0.00214234,0.16
0.00214294,0.08
0.00214298,0.16
0.00214397,0.08
0.002144,0.16
0.0021448,0.08
0.00214483,0.16
0.00214576,0.08
0.00214579,0.16
0.00214586,0.08
0.00214589,0.16
0.00214608,0.08
0.00214611,0.16
0.0021479,0.08
0.00215642,0.16
0.00215645,0.08
0.00215888,0.24
0.00215914,0.08
0.00215917,0.16
0.00216336,0.08
0.00216339,0.16
0.00216448,0.08
0.00217443,0.16
0.00217446,0.08
0.00217482,0.24
0.00217491,0.08
0.00217594,0.24
0.00217674,0.08
0.00218896,0.24
0.00219024,0.08
0.00219027,0.16
0.00219309,0.08
0.00220118,0.16
0.00220122,0.08
0.00220154,0.24
0.00220192,0.08
0.00220195,0.16
0.00220442,0.08
0.00220445,0.16
0.00220499,0.08
0.00220502,0.16
0.00220538,0.08
0.00220541,0.16
0.00220579,0.08
0.00220582,0.16
0.00220624,0.08
0.00220627,0.16
0.00220694,0.08
0.00220701,0.16
0.00220714,0.08
0.00220717,0.16
0.00220736,0.08
0.00220739,0.16
0.00220781,0.08
0.00220784,0.16
0.00220854,0.08
0.00220858,0.16
0.00220861,0.08
0.00220864,0.16
0.00221002,0.08
0.00221005,0.16
0.00221027,0.08
0.0022103,0.16
0.0022105,0.08
0.00221053,0.16
0.00221069,0.08
0.00221072,0.16
0.00221123,0.08
0.00221126,0.16
0.00221274,0.08
0.00221277,0.16
0.00221398,0.08
0.00221402,0.16
0.00221405,0.08
0.00221408,0.16
0.0022159,0.08
0.00221594,0.16
0.00221622,0.08
0.00221626,0.16
0.00221651,0.08
0.00221654,0.16
0.00221872,0.08
0.00221875,0.16
0.0022192,0.08
0.00221923,0.16
0.00221965,0.08
0.00221968,0.16
0.0022217,0.08
0.00222173,0.16
0.00222224,0.08
0.0022223,0.16
0.00222253,0.08
0.00222256,0.16
0.00222298,0.08
0.00223286,0.16
0.0022329,0.08
0.00223325,0.24
0.00223411,0.08
0.00223578,0.24
0.00223728,0.08
0.00223731,0.16
0.00223846,0.08
0.0022385,0.16
0.00223894,0.08
0.0022488,0.16
0.00224883,0.08
0.00224941,0.24
0.00225021,0.08
0.00225075,0.24
0.00225107,0.08
0.00225616,0.24
0.00225677,0.08
0.0022568,0.16
0.00225725,0.08
0.00225728,0.16
0.00225766,0.08
0.0022577,0.16
0.00225776,0.08
0.00225779,0.16
0.00225862,0.08
0.00225866,0.16
0.0022601,0.08
0.00226013,0.16
0.00226272,0.08
0.00226275,0.16
0.002264,0.08
0.00226403,0.16
0.00226432,0.08
0.00226435,0.16
0.00226509,0.08
0.00226512,0.16
0.0022657,0.08
0.00226573,0.16
0.00226656,0.08
0.00226659,0.16
0.00226752,0.08
0.00226755,0.16
0.00226806,0.08
0.0022681,0.16
0.00226813,0.08
0.00226816,0.16
0.00226832,0.08
0.00226835,0.16
0.00226906,0.08
0.00226909,0.16
0.00227014,0.08
0.00227018,0.16
0.00227075,0.08
0.00227082,0.16
0.00227184,0.08
0.00227187,0.16
0.00227197,0.08
0.002272,0.16
0.00227258,0.08
0.00227261,0.16
0.00227414,0.08
0.00227418,0.16
0.00227626,0.08
0.00227629,0.16
0.00227725,0.08
0.00227728,0.16
0.00227747,0.08
0.0022775,0.16
0.00227763,0.08
0.00227766,0.16
0.00227782,0.08
0.00227786,0.16
0.00227805,0.08
0.00227808,0.16
0.00227869,0.08
0.00227872,0.16
0.00228163,0.08
0.00228166,0.16
0.00228198,0.08
0.00228202,0.16
0.00228307,0.08
0.0022831,0.16
0.00228371,0.08
0.00228374,0.16
0.00228384,0.08
0.00228387,0.16
0.002284,0.08
0.00228403,0.16
0.00228451,0.08
0.00228454,0.16
0.0022855,0.08
0.00228554,0.16
0.00228707,0.08
0.0022871,0.16
0.00228739,0.08
0.00228742,0.16
0.00228752,0.08
0.00228755,0.16
0.00228784,0.08
0.00228787,0.16
0.00228848,0.08
0.00228851,0.16
0.00229344,0.08
0.00230022,0.16
0.00230026,0.08
0.0023009,0.24
0.00230131,0.08
0.00230134,0.16
0.00230285,0.08
0.00230288,0.16
0.0023032,0.08
0.00230323,0.16
0.00230326,0.08
0.0023033,0.16
0.00230352,0.08
0.00230355,0.16
0.00230362,0.08
0.00230365,0.16
0.00230371,0.08
0.00230374,0.16
0.00230506,0.08
0.00230509,0.16
0.00230525,0.08
0.00230528,0.16
0.00230563,0.08
0.00230566,0.16
0.00230714,0.08
0.00230717,0.16
0.00230787,0.08
0.0023079,0.16
0.00230822,0.08
0.00230826,0.16
0.00231315,0.08
0.00232208,0.16
0.00232211,0.08
0.00232406,0.24
0.00232477,0.08
0.0023248,0.16
0.00232557,0.08
0.0023256,0.16
0.00232643,0.08
0.00232646,0.16
0.00232781,0.08
0.00232784,0.16
0.0023279,0.08
0.00232797,0.16
0.00232845,0.08
0.00232848,0.16
0.00232886,0.08
0.0023289,0.16
0.00232941,0.08
0.00232944,0.16
0.00233104,0.08
0.00233107,0.16
0.00233171,0.08
0.00233174,0.16
0.00233184,0.08
0.00233187,0.16
0.002332,0.08
0.00233203,0.16
0.00233229,0.08
0.00233232,0.16
0.00233242,0.08
0.00233248,0.16
0.00233286,0.08
0.0023329,0.16
0.00233386,0.08
0.00233389,0.16
0.00233478,0.08
0.00233482,0.16
0.00233542,0.08
0.00233546,0.16
0.00233571,0.08
0.00233574,0.16
0.00233581,0.08
0.00233584,0.16
0.00233709,0.08
0.00233712,0.16
0.00233846,0.08
0.0023385,0.16
0.00233875,0.08
0.00233878,0.16
0.00233891,0.08
0.00233894,0.16
0.00233958,0.08
0.00233962,0.16
0.00234042,0.08
0.00234045,0.16
0.00234166,0.08
0.0023417,0.16
0.00234246,0.08
0.00235197,0.16
0.002352,0.08
0.00235526,0.24
0.00235562,0.08
0.00235565,0.16
0.00235616,0.08
0.00235619,0.16
0.0023567,0.08
0.00235674,0.16
0.00235683,0.08
0.00235686,0.16
0.00235734,0.08
0.00235738,0.16
0.00235888,0.08
0.00235891,0.16
0.00236109,0.08
0.00236112,0.16
0.00236138,0.08
0.00236141,0.16
0.00236314,0.08
0.00236317,0.16
0.00236435,0.08
0.00236438,0.16
0.00236499,0.08
0.00236502,0.16
0.00236544,0.08
0.00236547,0.16
0.00236582,0.08
0.00236586,0.16
0.0023665,0.08
0.00236653,0.16
0.00236717,0.08
0.0023672,0.16
0.00236778,0.08
0.00236781,0.16
0.00236832,0.08
0.00236835,0.16
0.00236845,0.08
0.00236848,0.16
0.0023687,0.08
0.00236877,0.16
0.00236966,0.08
0.0023697,0.16
0.0023704,0.08
0.00237043,0.16
0.00237078,0.08
0.00237085,0.16
0.00237184,0.08
0.00237187,0.16
0.00237222,0.08
0.00238202,0.16
0.00238205,0.08
0.0023824,0.24
0.0023831,0.08
0.00239306,0.24
0.00239408,0.08
0.00239411,0.16
0.00239456,0.08
0.00239459,0.16
0.00239462,0.08
0.00239466,0.16
0.00239542,0.08
0.00239546,0.16
0.00239658,0.08
0.00239661,0.16
0.00239702,0.08
0.00239706,0.16
0.00239728,0.08
0.00239731,0.16
0.0023975,0.08
0.00239754,0.16
0.00240147,0.08
0.0024015,0.16
0.00240272,0.08
0.00240275,0.16
0.00240326,0.08
0.0024033,0.16
0.00240358,0.08
0.00240362,0.16
0.00240419,0.08
0.00240422,0.16
0.00240576,0.08
0.00240579,0.16
0.00240586,0.08
0.00240589,0.16
0.00240602,0.08
0.00240605,0.16
0.00240816,0.08
0.00241638,0.16
0.00241642,0.08
0.00241837,0.24
0.00241949,0.08
0.00241955,0.16
0.00242102,0.08
0.00242106,0.16
0.00242128,0.08
0.00242131,0.16
0.00242253,0.08
0.00242256,0.16
0.002424,0.08
0.00242403,0.16
0.00242406,0.08
0.0024241,0.16
0.00242518,0.08
0.00242522,0.16
0.00242634,0.08
0.00242637,0.16
0.00242662,0.08
0.00242666,0.16
0.00242672,0.08
0.00242675,0.16
0.00243034,0.08
0.00243037,0.16
0.00243072,0.08
0.00243075,0.16
0.00243184,0.08
0.00243187,0.16
0.00243203,0.08
0.00243206,0.16
0.00243331,0.08
0.00243334,0.16
0.00243344,0.08
0.00243347,0.16
0.0024335,0.08
0.00243354,0.16
0.00243395,0.08
0.00243398,0.16
0.00243414,0.08
0.00243418,0.16
0.00243504,0.08
0.00243507,0.16
0.00243571,0.08
0.00243574,0.16
0.00243584,0.08
0.00243587,0.16
0.00243638,0.08
0.00243642,0.16
0.00243875,0.08
0.00243878,0.16
0.00243898,0.08
0.00243901,0.16
0.00243914,0.08
0.00243917,0.16
0.00243939,0.08
0.00243942,0.16
0.00244022,0.08
0.00244026,0.16
0.00244038,0.08
0.00244042,0.16
0.00244077,0.08
0.0024408,0.16
0.00244141,0.08
0.00244144,0.16
0.0024417,0.08
0.00244173,0.16
0.00244224,0.08
0.00244227,0.16
0.00244237,0.08
0.0024424,0.16
0.00244256,0.08
0.00244259,0.16
0.00244339,0.08
0.00244342,0.16
0.00244419,0.08
0.00244422,0.16
0.00244474,0.08
0.00244477,0.16
0.0024449,0.08
0.00244493,0.16
0.00244499,0.08
0.00244502,0.16
0.00244566,0.08
0.0024457,0.16
0.00244637,0.08
0.0024464,0.16
0.00244675,0.08
0.00244678,0.16
0.00244714,0.08
0.00244717,0.16
0.00244723,0.08
0.00244726,0.16
0.00244736,0.08
0.00244739,0.16
0.00244768,0.08
0.00244771,0.16
0.00244826,0.08
0.00244829,0.16
0.00244906,0.08
0.00244909,0.16
0.0024503,0.08
0.00245034,0.16
0.00245062,0.08
0.00246058,0.16
0.00246061,0.08
0.00246131,0.24
0.00246163,0.08
0.00246173,0.16
0.0024623,0.08
0.00246234,0.16
0.00246272,0.08
0.00246275,0.16
0.00246371,0.08
0.00246374,0.16
0.00246458,0.08
0.00246461,0.16
0.00246499,0.08
0.00246509,0.16
0.00246522,0.08
0.00246525,0.16
0.00246544,0.08
0.00246547,0.16
0.00246576,0.08
0.00246582,0.16
0.00246589,0.08
0.00246592,0.16
0.00246662,0.08
0.00246666,0.16
0.00246794,0.08
0.00246797,0.16
0.00246922,0.08
0.00246925,0.16
0.00246986,0.08
0.00246989,0.16
0.0024705,0.08
0.00247056,0.16
0.00247091,0.08
0.00247094,0.16
0.00247126,0.08
0.0024713,0.16
0.00247197,0.08
0.002472,0.16
0.00247264,0.08
0.00247267,0.16
0.00247283,0.08
0.00247286,0.16
0.00247318,0.08
0.00247322,0.16
0.0024735,0.08
0.00247354,0.16
0.0024736,0.08
0.00247363,0.16
0.00247469,0.08
0.00247472,0.16
0.00247494,0.08
0.00247498,0.16
0.00247574,0.08
0.00247578,0.16
0.00247594,0.08
0.00247597,0.16
0.00247606,0.08
0.00247613,0.16
0.00247638,0.08
0.00247642,0.16
0.0024775,0.08
0.00247754,0.16
0.00247869,0.08
0.00247872,0.16
0.00247885,0.08
0.00247888,0.16
0.00247898,0.08
0.00247901,0.16
0.00247926,0.08
0.0024793,0.16
0.00248074,0.08
0.00248077,0.16
0.0024823,0.08
0.00248237,0.16
0.00248294,0.08
0.00248298,0.16
0.00248304,0.08
0.00248307,0.16
0.00248314,0.08
0.00248317,0.16
0.00248323,0.08
0.0024833,0.16
0.00248336,0.08
0.00248339,0.16
0.00248352,0.08
0.00248355,0.16
0.00248429,0.08
0.00248432,0.16
0.00248448,0.08
0.00248451,0.16
0.00248624,0.08
0.00248627,0.16
0.00248637,0.08
0.0024864,0.16
0.00248659,0.08
0.00248662,0.16
0.00248682,0.08
0.00248685,0.16
0.00248733,0.08
0.00248736,0.16
0.00248854,0.08
0.00248858,0.16
0.00248963,0.08
0.00248966,0.16
0.00248979,0.08
0.00248982,0.16
0.00249091,0.08
0.00249094,0.16
0.00249162,0.08
0.00249165,0.16
0.00249245,0.08
0.00249248,0.16
0.00249261,0.08
0.00249264,0.16
0.00249309,0.08
0.00250269,0.16
0.00250272,0.08
0.00250323,0.24
0.00250339,0.08
0.00251277,0.24
0.00251322,0.08
0.00252045,0.24
0.00252141,0.08
0.00252144,0.16
0.00252198,0.08
0.00252205,0.16
0.00252259,0.08
0.00252262,0.16
0.00252294,0.08
0.00252301,0.16
0.00252374,0.08
0.00252378,0.16
0.0025248,0.08
0.00252483,0.16
0.00252531,0.08
0.00252534,0.16
0.00252656,0.08
0.00252659,0.16
0.00252717,0.08
0.0025272,0.16
0.00252768,0.08
0.00252771,0.16
0.00252797,0.08
0.002528,0.16
0.0025281,0.08
0.00252813,0.16
0.00252957,0.08
0.0025296,0.16
0.00252979,0.08
0.00252982,0.16
0.00253114,0.08
0.00253117,0.16
0.0025312,0.08
0.00253123,0.16
0.0025321,0.08
0.00253213,0.16
0.00253357,0.08
0.0025336,0.16
0.00253446,0.08
0.0025345,0.16
0.00253472,0.08
0.00253475,0.16
0.00253494,0.08
0.00253498,0.16
0.00253779,0.08
0.00253782,0.16
0.00253872,0.08
0.00254842,0.16
0.00254845,0.08
0.0025489,0.24
0.00255011,0.08
0.00255014,0.16
0.00256013,0.08
0.00256218,0.24
0.00256243,0.08
0.00256246,0.16
0.00256288,0.08
0.00256291,0.16
0.00256512,0.08
0.00257392,0.16
0.00257395,0.08
0.00257494,0.24
0.00257674,0.08
0.00258467,0.24
0.0025847,0.08
0.0025897,0.24
0.00258982,0.08
0.00258986,0.16
0.00259059,0.08
0.00259062,0.16
0.00259091,0.08
0.00259094,0.16
0.00259222,0.08
0.00259226,0.16
0.0025928,0.08
0.00259283,0.16
0.00259488,0.08
0.00259491,0.16
0.00259514,0.08
0.00259517,0.16
0.00259565,0.08
0.00259568,0.16
0.00259763,0.08
0.00259766,0.16
0.00260282,0.08
0.00260285,0.16
0.00260387,0.08
0.0026039,0.16
0.00260426,0.08
0.00260429,0.16
0.00260566,0.08
0.0026057,0.16
0.00260694,0.08
0.00260698,0.16
0.00260749,0.08
0.00260752,0.16
0.00260832,0.08
0.00260835,0.16
0.0026087,0.08
0.00260874,0.16
0.00260928,0.08
0.00260931,0.16
0.00261213,0.08
0.00261216,0.16
0.00261296,0.08
0.00262237,0.16
0.0026224,0.08
0.00262294,0.24
0.00262448,0.08
0.00262451,0.16
0.00262461,0.08
0.00262464,0.16
0.00262483,0.08
0.00262486,0.16
0.00262614,0.08
0.00262618,0.16
0.00262746,0.08
0.00262749,0.16
0.00262822,0.08
0.00262826,0.16
0.00262861,0.08
0.00262864,0.16
0.00262938,0.08
0.00262941,0.16
0.00262992,0.08
0.00262995,0.16
0.00263325,0.08
0.00263328,0.16
0.00263331,0.08
0.00263334,0.16
0.0026336,0.08
0.00263363,0.16
0.00263373,0.08
0.00263376,0.16
0.00263469,0.08
0.00263472,0.16
0.00263552,0.08
0.00263555,0.16
0.00263622,0.08
0.00263629,0.16
0.00263933,0.08
0.00264707,0.16
0.0026471,0.08
0.00264723,0.24
0.00264736,0.16
